file_name,columns,column_count,full_path
FILE_000028_bb14b9d8_new.csv,"id_internal,subscription_type,subscription_amount,extra_flag,company_id,verification_status,category_code,listing_type,slug,short_description,long_description,data_col_13,contact_first_name,contact_last_name,designation,data_col_17,data_col_18,data_col_19,email_1,email_2,data_col_22,data_col_23,company_name,country,country_code,address_line_1,address_line_2,city,locality,data_col_31,state_id,state,city_id,pincode,website,country_dial_code,area_code,landline_1,amount,mobile_1,mobile_2,phone_number,amount_1,amount_2,phone_number_1,amount_3,data_col_50,data_col_51,verification_method,trust_score,indiamart_url,phone_number_2,phone_number_3,phone_number_4,phone_number_5,phone_number_6,data_col_65,phone_number_7,data_col_67,data_col_68,data_col_69,data_col_70,data_col_71,data_col_72,data_col_73,amount_4,date",67,C:\programs\700GB Cleaning Shi\Sample\Sorted\csv\schema\FILE_000028_bb14b9d8_new.csv
FILE_000003_10d62e7f_new.csv,"serial_number,filename,file_type,file_path,has_header,header_confidence,needs_llm_review,detection_reason,schema,generated_headers",10,C:\programs\700GB Cleaning Shi\Sample\Sorted\csv\schema\FILE_000003_10d62e7f_new.csv
FILE_000034_1ec41c31_new.csv,"id_internal,subscription_type,subscription_amount,extra_flag,company_id,verification_status,category_code,listing_type,slug,short_description,long_description,data_col_13,contact_first_name,contact_last_name,designation,data_col_17,data_col_18,data_col_19,email_1,email_2,data_col_22,data_col_23,company_name,country,country_code,address_line_1,address_line_2,city,locality,data_col_31,state_id,state,city_id,pincode,website,country_dial_code,area_code,landline_1,amount,mobile_1,mobile_2,phone_number,amount_1,amount_2,id,amount_3,data_col_50,data_col_51,verification_method,trust_score,indiamart_url,phone_number_1,phone_number_2,phone_number_3,phone_number_4,phone_number_5,data_col_65,phone_number_6,data_col_67,data_col_68,url,data_col_70,data_col_71,data_col_72,data_col_73,amount_4,data_col_75",67,C:\programs\700GB Cleaning Shi\Sample\Sorted\csv\schema\FILE_000034_1ec41c31_new.csv
FILE_000020_a6e9030d_new.csv,"id_internal,subscription_type,subscription_amount,extra_flag,company_id,verification_status,category_code,listing_type,slug,short_description,long_description,data_col_13,contact_first_name,contact_last_name,designation,data_col_17,data_col_18,data_col_19,email_1,email_2,data_col_22,data_col_23,company_name,country,country_code,address_line_1,address_line_2,city,locality,full_name,state_id,state,city_id,pincode,website,country_dial_code,area_code,landline_1,amount,mobile_1,mobile_2,phone_number,amount_1,amount_2,phone_number_1,amount_3,data_col_50,data_col_51,verification_method,trust_score,indiamart_url,phone_number_2,phone_number_3,phone_number_4,phone_number_5,phone_number_6,data_col_65,phone_number_7,data_col_67,data_col_68,data_col_69,data_col_70,data_col_71,data_col_72,data_col_73,amount_4,data_col_75",67,C:\programs\700GB Cleaning Shi\Sample\Sorted\csv\schema\FILE_000020_a6e9030d_new.csv
FILE_000006_1fc8333e_new.csv,"Company,Contact Person,Email,Address,Tel no.,Product/Service ",6,C:\programs\700GB Cleaning Shi\Sample\Sorted\csv\schema\FILE_000006_1fc8333e_new.csv
FILE_000011_5895083a_new.csv,"id_internal,subscription_type,subscription_amount,extra_flag,company_id,verification_status,category_code,listing_type,slug,short_description,long_description,Column_13,contact_first_name,contact_last_name,designation,Column_17,alt_first_name,alt_last_name,email_1,email_2,Column_22,Column_23,company_name,country,country_code,address_line_1,address_line_2,city,locality,landmark,state_id,state,city_id,pincode,website,country_dial_code,area_code,landline_1,Column_41,mobile_1,mobile_2,phone_number,alt_country_code,Column_47,Column_48,alt_country_code_2,Column_50,Column_51,verification_method,trust_score,indiamart_url,phone_number_alt_1,Column_57,mobile_alt_1,phone_number_alt_2,Column_64,Column_65,phone_number_alt_3,full_address,city_state_pincode,profile_image_url,last_updated,some_flag,amount_3,Column_73,amount_4,date",67,C:\programs\700GB Cleaning Shi\Sample\Sorted\csv\schema\FILE_000011_5895083a_new.csv
FILE_000004_28d0e73e_new.csv,"contact_person,company_name,col_24,city_1,pincode_1,col_40",6,C:\programs\700GB Cleaning Shi\Sample\Sorted\csv\schema\FILE_000004_28d0e73e_new.csv
FILE_000031_0f29046c_new.csv,"id_internal,subscription_type,subscription_amount,extra_flag,company_id,verification_status,category_code,listing_type,slug,short_description,long_description,data_col_13,contact_first_name,contact_last_name,designation,data_col_17,data_col_18,data_col_19,email_1,email_2,company_name,country,country_code,address_line_1,address_line_2,city,locality,data_col_31,state_id,state,city_id,pincode,website,country_dial_code,area_code,landline_1,data_col_41,mobile_1,mobile_2,phone_number,amount,data_col_47,data_col_48,amount_1,data_col_50,data_col_51,verification_method,trust_score,indiamart_url,data_col_56,data_col_57,phone_number_1,phone_number_2,data_col_64,data_col_65,phone_number_3,data_col_67,data_col_68,data_col_69,data_col_70,data_col_71,amount_2,data_col_73,amount_3,data_col_75",65,C:\programs\700GB Cleaning Shi\Sample\Sorted\csv\schema\FILE_000031_0f29046c_new.csv
FILE_000012_ab8806a8_new.csv,"id_internal,subscription_type,subscription_amount,extra_flag,company_id,verification_status,category_code,listing_type,slug,short_description,long_description,Column_13,contact_first_name,contact_last_name,designation,Column_17,alt_first_name,alt_last_name,email_1,email_2,Column_22,Column_23,company_name,country,country_code,address_line_1,address_line_2,city,locality,landmark,state_id,state,city_id,pincode,website,country_dial_code,area_code,landline_1,alt_area_code,landline_2,mobile_2,phone_number,alt_country_code,Column_47,Column_48,alt_country_code_2,Column_50,Column_51,verification_method,trust_score,indiamart_url,phone_number_alt_1,phone_number_alt_2,mobile_alt_1,phone_number_alt_3,Column_64,Column_65,phone_number_alt_4,full_address,city_state_pincode,profile_image_url,last_updated,some_flag,amount_3,Column_73,amount_4,date",67,C:\programs\700GB Cleaning Shi\Sample\Sorted\csv\schema\FILE_000012_ab8806a8_new.csv
FILE_000036_e13f9fca_new.csv,"id_internal,subscription_type,subscription_amount,extra_flag,company_id,verification_status,category_code,listing_type,slug,short_description,long_description,data_col_13,contact_first_name,contact_last_name,designation,data_col_17,data_col_18,data_col_19,email_1,email_2,data_col_22,data_col_23,company_name,country,country_code,address_line_1,address_line_2,city,locality,data_col_31,state_id,state,city_id,pincode,website,country_dial_code,area_code,landline_1,data_col_41,mobile_1,mobile_2,phone_number,amount,data_col_47,data_col_48,amount_1,data_col_50,data_col_51,verification_method,trust_score,indiamart_url,data_col_56,data_col_57,phone_number_1,phone_number_2,data_col_64,data_col_65,phone_number_3,data_col_67,data_col_68,url,data_col_70,data_col_71,amount_2,data_col_73,amount_3,date",67,C:\programs\700GB Cleaning Shi\Sample\Sorted\csv\schema\FILE_000036_e13f9fca_new.csv
FILE_000016_cec748ce_new.csv,"id_internal,subscription_type,subscription_amount,extra_flag,company_id,verification_status,category_code,listing_type,slug,short_description,long_description,data_col_13,contact_first_name,contact_last_name,designation,data_col_17,data_col_18,data_col_19,email_1,email_2,company_name,country,country_code,address_line_1,address_line_2,city,locality,data_col_31,state_id,state,city_id,pincode,website,country_dial_code,area_code,landline_1,amount,mobile_1,mobile_2,phone_number,amount_1,data_col_47,data_col_48,amount_2,data_col_50,data_col_51,verification_method,trust_score,indiamart_url,phone_number_1,phone_number_2,phone_number_3,phone_number_4,data_col_64,data_col_65,phone_number_5,data_col_67,data_col_68,url,data_col_70,data_col_71,amount_3,data_col_73,amount_4,data_col_75",65,C:\programs\700GB Cleaning Shi\Sample\Sorted\csv\schema\FILE_000016_cec748ce_new.csv
FILE_000015_3f27d792_new.csv,"id_internal,subscription_type,subscription_amount,extra_flag,company_id,verification_status,category_code,listing_type,slug,short_description,long_description,data_col_13,contact_first_name,contact_last_name,designation,data_col_17,data_col_18,data_col_19,email_1,email_2,data_col_22,data_col_23,company_name,country,country_code,address_line_1,address_line_2,city,locality,data_col_31,state_id,state,city_id,pincode,website,country_dial_code,area_code,landline_1,data_col_40,amount,mobile_1,mobile_2,phone_number,amount_1,amount_2,phone_number_1,amount_3,data_col_50,data_col_51,verification_method,trust_score,indiamart_url,phone_number_2,phone_number_3,phone_number_4,phone_number_5,phone_number_6,data_col_65,phone_number_7,data_col_67,data_col_68,url,data_col_70,data_col_71,data_col_72,data_col_73,amount_4,data_col_75",68,C:\programs\700GB Cleaning Shi\Sample\Sorted\csv\schema\FILE_000015_3f27d792_new.csv
FILE_000039_1338f4b6_new.csv,"id_internal,subscription_type,subscription_amount,extra_flag,company_id,verification_status,category_code,listing_type,slug,short_description,long_description,data_col_13,contact_first_name,contact_last_name,designation,data_col_17,data_col_18,data_col_19,email_1,email_2,data_col_22,data_col_23,company_name,country,country_code,address_line_1,address_line_2,city,locality,data_col_31,state_id,state,city_id,pincode,website,country_dial_code,area_code,landline_1,amount,mobile_1,mobile_2,phone_number,amount_1,amount_2,phone_number_1,amount_3,verification_method,trust_score,indiamart_url,phone_number_2,phone_number_3,phone_number_4,phone_number_5,phone_number_6,phone_number_7,data_col_67,data_col_68,data_col_69,data_col_70,data_col_71,data_col_72,data_col_73,amount_4,date",64,C:\programs\700GB Cleaning Shi\Sample\Sorted\csv\schema\FILE_000039_1338f4b6_new.csv
FILE_000045_6e618b15_new.csv,"id_internal,subscription_type,subscription_amount,extra_flag,company_id,verification_status,category_code,listing_type,slug,short_description,long_description,data_col_13,contact_first_name,contact_last_name,designation,data_col_17,data_col_18,data_col_19,email_1,email_2,data_col_22,data_col_23,company_name,country,country_code,address_line_1,address_line_2,city,locality,data_col_31,state_id,state,city_id,pincode,website,country_dial_code,area_code,landline_1,data_col_40,data_col_41,mobile_1,mobile_2,phone_number,amount,data_col_47,data_col_48,amount_1,data_col_50,data_col_51,verification_method,trust_score,indiamart_url,data_col_56,data_col_57,phone_number_1,phone_number_2,data_col_64,data_col_65,phone_number_3,data_col_67,data_col_68,url,data_col_70,data_col_71,amount_2,data_col_73,amount_3,data_col_75",68,C:\programs\700GB Cleaning Shi\Sample\Sorted\csv\schema\FILE_000045_6e618b15_new.csv
FILE_000007_0914c0de_new.csv,"Name ,Address ,Tel (*) ,Fax (*) ,e-mail/ Web Page ,Remarks ",6,C:\programs\700GB Cleaning Shi\Sample\Sorted\csv\schema\FILE_000007_0914c0de_new.csv
FILE_000013_3ca3f76d_new.csv,"id_internal,subscription_type,subscription_amount,extra_flag,company_id,verification_status,category_code,listing_type,slug,short_description,long_description,Column_13,contact_first_name,contact_last_name,designation,Column_17,alt_first_name,alt_last_name,email_1,email_2,Column_22,Column_23,company_name,country,country_code,address_line_1,address_line_2,city,locality,landmark,state_id,state,city_id,pincode,website,country_dial_code,area_code,landline_1,alt_area_code,landline_2,mobile_2,phone_number,alt_country_code,Column_47,Column_48,alt_country_code_2,Column_50,Column_51,verification_method,trust_score,indiamart_url,phone_number_alt_1,phone_number_alt_2,mobile_alt_1,phone_number_alt_3,Column_64,Column_65,phone_number_alt_4,full_address,city_state_pincode,profile_image_url,last_updated,some_flag,amount_3,Column_73,amount_4,date_timestamp",67,C:\programs\700GB Cleaning Shi\Sample\Sorted\csv\schema\FILE_000013_3ca3f76d_new.csv
FILE_000002_9eb8caf0_new.csv,"serial_number,filename,file_type,file_path",4,C:\programs\700GB Cleaning Shi\Sample\Sorted\csv\schema\FILE_000002_9eb8caf0_new.csv
FILE_000026_0ed036bb_new.csv,"id_internal,subscription_type,subscription_amount,extra_flag,company_id,verification_status,category_code,listing_type,slug,short_description,long_description,data_col_13,contact_first_name,contact_last_name,designation,data_col_17,data_col_18,data_col_19,email_1,email_2,data_col_22,data_col_23,company_name,country,country_code,address_line_1,address_line_2,city,locality,data_col_31,state_id,state,city_id,pincode,website,country_dial_code,area_code,landline_1,data_col_41,mobile_1,mobile_2,phone_number,amount,data_col_47,data_col_48,amount_1,verification_method,trust_score,indiamart_url,phone_number_1,data_col_57,phone_number_2,phone_number_3,data_col_64,phone_number_4,data_col_67,data_col_68,url,data_col_70,data_col_71,data_col_72,data_col_73,amount_2,data_col_75",64,C:\programs\700GB Cleaning Shi\Sample\Sorted\csv\schema\FILE_000026_0ed036bb_new.csv
FILE_000035_3607033c_new.csv,"id_internal,subscription_type,subscription_amount,extra_flag,company_id,verification_status,category_code,listing_type,slug,short_description,long_description,data_col_13,contact_first_name,contact_last_name,designation,data_col_17,data_col_18,data_col_19,email_1,email_2,data_col_22,data_col_23,company_name,country,country_code,address_line_1,address_line_2,city,locality,data_col_31,state_id,state,city_id,pincode,website,country_dial_code,area_code,landline_1,data_col_41,mobile_1,mobile_2,phone_number,amount,amount_1,id,amount_2,data_col_50,data_col_51,verification_method,trust_score,indiamart_url,phone_number_1,data_col_57,phone_number_2,phone_number_3,phone_number_4,data_col_65,phone_number_5,data_col_67,data_col_68,url,data_col_70,data_col_71,data_col_72,date,amount_3,date_1",67,C:\programs\700GB Cleaning Shi\Sample\Sorted\csv\schema\FILE_000035_3607033c_new.csv
FILE_000022_79ec9a3b_new.csv,"id_internal,subscription_type,subscription_amount,extra_flag,company_id,verification_status,category_code,listing_type,slug,short_description,long_description,data_col_13,contact_first_name,contact_last_name,designation,data_col_17,data_col_18,data_col_19,email_1,email_2,data_col_22,data_col_23,company_name,country,country_code,address_line_1,address_line_2,city,locality,data_col_31,state_id,state,city_id,pincode,website,country_dial_code,area_code,landline_1,data_col_40,amount,mobile_1,mobile_2,phone_number,amount_1,amount_2,phone_number_1,amount_3,amount_4,phone_number_2,data_col_52,verification_method,trust_score,indiamart_url,phone_number_3,phone_number_4,data_col_59,phone_number_5,phone_number_6,phone_number_7,phone_number_8,phone_number_9,data_col_67,data_col_68,url,data_col_70,data_col_71,data_col_72,data_col_73,amount_5,date",70,C:\programs\700GB Cleaning Shi\Sample\Sorted\csv\schema\FILE_000022_79ec9a3b_new.csv
FILE_000025_da579cb2_new.csv,"id_internal,subscription_type,subscription_amount,extra_flag,company_id,verification_status,category_code,listing_type,slug,short_description,long_description,data_col_13,contact_first_name,contact_last_name,designation,data_col_17,data_col_18,data_col_19,email_1,email_2,data_col_22,data_col_23,company_name,country,country_code,address_line_1,address_line_2,city,locality,data_col_31,state_id,state,city_id,pincode,website,country_dial_code,area_code,landline_1,data_col_41,mobile_1,mobile_2,phone_number,amount,data_col_47,data_col_48,amount_1,data_col_50,data_col_51,verification_method,trust_score,indiamart_url,phone_number_1,data_col_57,phone_number_2,phone_number_3,data_col_64,data_col_65,phone_number_4,data_col_67,data_col_68,url,data_col_70,data_col_71,data_col_72,date,amount_2,date_1",67,C:\programs\700GB Cleaning Shi\Sample\Sorted\csv\schema\FILE_000025_da579cb2_new.csv
FILE_000005_b8425624_new.csv,"Email_Address,City,PinCode",3,C:\programs\700GB Cleaning Shi\Sample\Sorted\csv\schema\FILE_000005_b8425624_new.csv
FILE_000023_4580e13c_new.csv,"id_internal,subscription_type,subscription_amount,extra_flag,company_id,verification_status,category_code,listing_type,slug,short_description,long_description,data_col_13,contact_first_name,contact_last_name,designation,data_col_17,data_col_18,data_col_19,email_1,email_2,data_col_22,data_col_23,company_name,country,country_code,address_line_1,address_line_2,city,locality,data_col_31,state_id,state,city_id,pincode,website,country_dial_code,area_code,landline_1,data_col_40,amount,mobile_1,mobile_2,phone_number,amount_1,data_col_46,amount_2,phone_number_1,amount_3,data_col_50,data_col_51,data_col_52,verification_method,trust_score,indiamart_url,phone_number_2,phone_number_3,phone_number_4,phone_number_5,phone_number_6,data_col_65,phone_number_7,data_col_67,data_col_68,data_col_69,data_col_70,data_col_71,data_col_72,data_col_73,amount_4,date",70,C:\programs\700GB Cleaning Shi\Sample\Sorted\csv\schema\FILE_000023_4580e13c_new.csv
FILE_000065_f69ea987_new.csv,"id_internal,subscription_type,subscription_amount,extra_flag,company_id,verification_status,category_code,listing_type,slug,short_description,long_description,data_col_13,contact_first_name,contact_last_name,designation,data_col_17,data_col_18,data_col_19,email_1,email_2,data_col_22,data_col_23,company_name,country,country_code,address_line_1,address_line_2,city,locality,full_name,state_id,state,city_id,pincode,website,country_dial_code,area_code,landline_1,amount,mobile_1,mobile_2,phone_number,amount_1,data_col_47,data_col_48,amount_2,data_col_50,data_col_51,verification_method,trust_score,indiamart_url,phone_number_1,phone_number_2,phone_number_3,phone_number_4,data_col_64,data_col_65,phone_number_5,data_col_67,data_col_68,data_col_69,data_col_70,data_col_71,amount_3,data_col_73,amount_4,data_col_75",67,C:\programs\700GB Cleaning Shi\Sample\Sorted\csv\schema\FILE_000065_f69ea987_new.csv
FILE_000092_042949f2_new.csv,"id_internal,subscription_type,subscription_amount,extra_flag,company_id,verification_status,category_code,listing_type,slug,short_description,long_description,data_col_13,contact_first_name,contact_last_name,designation,data_col_17,data_col_18,data_col_19,email_1,email_2,data_col_22,data_col_23,company_name,country,country_code,address_line_1,address_line_2,city,locality,data_col_31,state_id,state,city_id,pincode,website,country_dial_code,area_code,landline_1,amount,mobile_1,mobile_2,phone_number,amount_1,data_col_46,amount_2,id,amount_3,data_col_52,verification_method,trust_score,indiamart_url,phone_number_1,phone_number_2,data_col_59,phone_number_3,phone_number_4,data_col_63,phone_number_5,phone_number_6,data_col_67,data_col_68,url,data_col_70,data_col_71,data_col_72,data_col_73,amount_4,data_col_75",68,C:\programs\700GB Cleaning Shi\Sample\Sorted\csv\schema\FILE_000092_042949f2_new.csv
FILE_000147_1b60e39c_new.csv,"id_internal,subscription_type,subscription_amount,extra_flag,company_id,verification_status,category_code,listing_type,slug,short_description,long_description,data_col_13,contact_first_name,contact_last_name,designation,data_col_17,data_col_18,data_col_19,email_1,email_2,data_col_22,data_col_23,company_name,country,country_code,address_line_1,address_line_2,city,locality,data_col_31,state_id,state,city_id,pincode,website,country_dial_code,area_code,landline_1,data_col_41,mobile_1,mobile_2,phone_number,amount,data_col_47,data_col_48,amount_1,data_col_50,data_col_51,verification_method,trust_score,indiamart_url,phone_number_1,data_col_57,phone_number_2,phone_number_3,data_col_64,data_col_65,phone_number_4,data_col_67,data_col_68,data_col_69,data_col_70,data_col_71,amount_2,data_col_73,amount_3,data_col_75",67,C:\programs\700GB Cleaning Shi\Sample\Sorted\csv\schema\FILE_000147_1b60e39c_new.csv
FILE_000141_84435d4c_new.csv,"id_internal,subscription_type,subscription_amount,extra_flag,company_id,verification_status,category_code,listing_type,slug,short_description,long_description,data_col_13,contact_first_name,contact_last_name,designation,data_col_17,data_col_18,data_col_19,email_1,email_2,data_col_22,data_col_23,company_name,country,country_code,address_line_1,address_line_2,city,locality,data_col_31,state_id,state,city_id,pincode,website,country_dial_code,area_code,landline_1,data_col_41,mobile_1,mobile_2,phone_number,amount,data_col_47,data_col_48,amount_1,data_col_50,data_col_51,verification_method,trust_score,indiamart_url,phone_number_1,data_col_57,phone_number_2,phone_number_3,data_col_64,data_col_65,phone_number_4,data_col_67,data_col_68,url,data_col_70,data_col_71,data_col_72,data_col_73,amount_2,data_col_75",67,C:\programs\700GB Cleaning Shi\Sample\Sorted\csv\schema\FILE_000141_84435d4c_new.csv
FILE_000148_3836afa9_new.csv,"id_internal,subscription_type,subscription_amount,extra_flag,company_id,verification_status,category_code,listing_type,slug,short_description,long_description,data_col_13,contact_first_name,contact_last_name,designation,data_col_17,data_col_18,data_col_19,email_1,email_2,data_col_22,data_col_23,company_name,country,country_code,address_line_1,address_line_2,city,locality,data_col_31,state_id,state,city_id,pincode,website,country_dial_code,area_code,landline_1,data_col_41,mobile_1,mobile_2,phone_number,amount,data_col_47,data_col_48,amount_1,data_col_50,data_col_51,verification_method,trust_score,indiamart_url,phone_number_1,data_col_57,phone_number_2,phone_number_3,data_col_64,data_col_65,phone_number_4,data_col_67,data_col_68,data_col_69,data_col_70,data_col_71,data_col_72,data_col_73,amount_2,data_col_75",67,C:\programs\700GB Cleaning Shi\Sample\Sorted\csv\schema\FILE_000148_3836afa9_new.csv
FILE_000074_1932496a_new.csv,"id_internal,subscription_type,subscription_amount,extra_flag,company_id,verification_status,category_code,listing_type,slug,short_description,long_description,data_col_13,contact_first_name,contact_last_name,designation,data_col_17,data_col_18,data_col_19,email_1,email_2,data_col_22,data_col_23,company_name,country,country_code,address_line_1,address_line_2,city,locality,data_col_31,state_id,state,city_id,pincode,website,country_dial_code,area_code,landline_1,data_col_41,mobile_1,mobile_2,phone_number,amount,data_col_47,data_col_48,amount_1,data_col_50,data_col_51,verification_method,trust_score,indiamart_url,data_col_56,data_col_57,phone_number_1,phone_number_2,data_col_64,data_col_65,phone_number_3,data_col_67,data_col_68,url,data_col_70,data_col_71,data_col_72,data_col_73,amount_2,data_col_75",67,C:\programs\700GB Cleaning Shi\Sample\Sorted\csv\schema\FILE_000074_1932496a_new.csv
FILE_000057_f47181ab_new.csv,"id_internal,subscription_type,subscription_amount,extra_flag,company_id,verification_status,category_code,listing_type,slug,short_description,long_description,data_col_13,contact_first_name,contact_last_name,designation,data_col_17,data_col_18,data_col_19,email_1,email_2,data_col_22,data_col_23,company_name,country,country_code,address_line_1,address_line_2,city,locality,data_col_31,state_id,state,city_id,pincode,website,country_dial_code,area_code,landline_1,data_col_40,amount,mobile_1,mobile_2,phone_number,amount_1,amount_2,id,amount_3,data_col_50,data_col_51,verification_method,trust_score,indiamart_url,phone_number_1,phone_number_2,data_col_58,data_col_59,phone_number_3,phone_number_4,phone_number_5,data_col_65,phone_number_6,data_col_67,data_col_68,data_col_69,data_col_70,data_col_71,data_col_72,data_col_73,amount_4,data_col_75,data_col_76",71,C:\programs\700GB Cleaning Shi\Sample\Sorted\csv\schema\FILE_000057_f47181ab_new.csv
FILE_000140_b552b4e5_new.csv,"id_internal,subscription_type,subscription_amount,extra_flag,company_id,verification_status,category_code,listing_type,slug,short_description,long_description,data_col_13,contact_first_name,contact_last_name,designation,data_col_17,data_col_18,data_col_19,email_1,email_2,data_col_22,data_col_23,company_name,country,country_code,address_line_1,address_line_2,city,locality,full_name,state_id,state,city_id,pincode,website,country_dial_code,area_code,landline_1,amount,mobile_1,mobile_2,phone_number,amount_1,amount_2,id,amount_3,data_col_51,verification_method,trust_score,indiamart_url,phone_number_1,phone_number_2,phone_number_3,phone_number_4,phone_number_5,data_col_65,phone_number_6,data_col_67,data_col_68,data_col_69,data_col_70,data_col_71,amount_4,data_col_73,amount_5,data_col_75",66,C:\programs\700GB Cleaning Shi\Sample\Sorted\csv\schema\FILE_000140_b552b4e5_new.csv
FILE_000048_006b3e16_new.csv,"id_internal,subscription_type,subscription_amount,extra_flag,company_id,verification_status,category_code,listing_type,slug,short_description,long_description,data_col_13,contact_first_name,contact_last_name,designation,data_col_17,data_col_18,data_col_19,email_1,email_2,data_col_22,data_col_23,company_name,country,country_code,address_line_1,address_line_2,city,locality,data_col_31,state_id,state,city_id,pincode,website,country_dial_code,area_code,landline_1,data_col_41,mobile_1,mobile_2,phone_number,amount,data_col_47,data_col_48,amount_1,data_col_50,data_col_51,verification_method,trust_score,indiamart_url,data_col_56,data_col_57,phone_number_1,phone_number_2,data_col_64,data_col_65,phone_number_3,data_col_67,data_col_68,url,data_col_70,data_col_71,data_col_72,data_col_73,amount_2,data_col_75",67,C:\programs\700GB Cleaning Shi\Sample\Sorted\csv\schema\FILE_000048_006b3e16_new.csv
FILE_000144_ed4a72f0_new.csv,"id_internal,subscription_type,subscription_amount,extra_flag,company_id,verification_status,category_code,listing_type,slug,short_description,long_description,data_col_13,contact_first_name,contact_last_name,designation,data_col_17,data_col_18,data_col_19,email_1,email_2,data_col_22,data_col_23,company_name,country,country_code,address_line_1,address_line_2,city,locality,data_col_31,state_id,state,city_id,pincode,website,country_dial_code,area_code,landline_1,amount,mobile_1,mobile_2,phone_number,amount_1,amount_2,phone_number_1,amount_3,data_col_50,data_col_51,verification_method,trust_score,indiamart_url,phone_number_2,phone_number_3,phone_number_4,phone_number_5,phone_number_6,data_col_65,phone_number_7,data_col_67,data_col_68,data_col_69,data_col_70,data_col_71,data_col_72,data_col_73,amount_4,data_col_75",67,C:\programs\700GB Cleaning Shi\Sample\Sorted\csv\schema\FILE_000144_ed4a72f0_new.csv
FILE_000056_e239e91e_new.csv,"id_internal,subscription_type,subscription_amount,extra_flag,company_id,verification_status,category_code,listing_type,slug,short_description,long_description,data_col_13,contact_first_name,contact_last_name,designation,data_col_17,data_col_18,data_col_19,email_1,email_2,data_col_22,data_col_23,company_name,country,country_code,address_line_1,address_line_2,city,locality,data_col_31,state_id,state,city_id,pincode,website,country_dial_code,area_code,landline_1,amount,mobile_1,mobile_2,phone_number,amount_1,data_col_47,data_col_48,amount_2,data_col_50,data_col_51,verification_method,trust_score,indiamart_url,phone_number_1,phone_number_2,phone_number_3,phone_number_4,data_col_64,data_col_65,phone_number_5,data_col_67,data_col_68,data_col_69,data_col_70,data_col_71,data_col_72,data_col_73,amount_3,data_col_75",67,C:\programs\700GB Cleaning Shi\Sample\Sorted\csv\schema\FILE_000056_e239e91e_new.csv
FILE_000203_c3c4f1dc_new.csv,"id_internal,subscription_type,subscription_amount,extra_flag,company_id,verification_status,category_code,listing_type,slug,short_description,long_description,data_col_13,contact_first_name,contact_last_name,designation,data_col_17,data_col_18,data_col_19,email_1,email_2,data_col_22,data_col_23,company_name,country,country_code,address_line_1,address_line_2,city,locality,data_col_31,state_id,state,city_id,pincode,website,country_dial_code,area_code,landline_1,amount,mobile_1,mobile_2,phone_number,amount_1,data_col_47,data_col_48,amount_2,verification_method,trust_score,indiamart_url,phone_number_1,phone_number_2,phone_number_3,phone_number_4,data_col_64,phone_number_5,data_col_67,data_col_68,url,data_col_70,data_col_71,data_col_72,data_col_73,amount_3,data_col_75",64,C:\programs\700GB Cleaning Shi\Sample\Sorted\csv\schema\FILE_000203_c3c4f1dc_new.csv
FILE_000143_dbdf1ecc_new.csv,"id_internal,subscription_type,subscription_amount,extra_flag,company_id,verification_status,category_code,listing_type,slug,short_description,long_description,data_col_13,contact_first_name,contact_last_name,designation,data_col_17,data_col_18,data_col_19,email_1,email_2,data_col_22,data_col_23,company_name,country,country_code,address_line_1,address_line_2,city,locality,data_col_31,state_id,state,city_id,pincode,website,country_dial_code,area_code,landline_1,data_col_40,data_col_41,mobile_1,mobile_2,phone_number,amount,data_col_46,amount_1,phone_number_1,amount_2,data_col_50,data_col_51,data_col_52,verification_method,trust_score,indiamart_url,phone_number_2,data_col_57,data_col_59,phone_number_3,phone_number_4,phone_number_5,data_col_65,phone_number_6,data_col_67,data_col_68,url,data_col_70,data_col_71,amount_3,data_col_73,amount_4,data_col_75",71,C:\programs\700GB Cleaning Shi\Sample\Sorted\csv\schema\FILE_000143_dbdf1ecc_new.csv
FILE_000150_d6aa96ff_new.csv,"id_internal,subscription_type,subscription_amount,extra_flag,company_id,verification_status,category_code,listing_type,slug,short_description,long_description,data_col_13,contact_first_name,contact_last_name,designation,data_col_17,data_col_18,data_col_19,email_1,email_2,data_col_22,data_col_23,company_name,country,country_code,address_line_1,address_line_2,city,locality,data_col_31,state_id,state,city_id,pincode,website,country_dial_code,area_code,landline_1,data_col_41,mobile_1,mobile_2,phone_number,amount,data_col_47,data_col_48,amount_1,data_col_50,data_col_51,verification_method,trust_score,indiamart_url,phone_number_1,data_col_57,phone_number_2,phone_number_3,data_col_64,data_col_65,phone_number_4,data_col_67,data_col_68,url,data_col_70,data_col_71,amount_2,data_col_73,amount_3,data_col_75",67,C:\programs\700GB Cleaning Shi\Sample\Sorted\csv\schema\FILE_000150_d6aa96ff_new.csv
FILE_000151_751da933_new.csv,"id_internal,subscription_type,subscription_amount,extra_flag,company_id,verification_status,category_code,listing_type,slug,short_description,long_description,data_col_13,contact_first_name,contact_last_name,designation,data_col_17,data_col_18,data_col_19,email_1,email_2,data_col_22,phone_number,company_name,country,country_code,address_line_1,address_line_2,city,locality,data_col_31,state_id,state,city_id,pincode,website,country_dial_code,area_code,landline_1,data_col_40,data_col_41,mobile_1,mobile_2,phone_number_1,amount,data_col_46,amount_1,phone_number_2,amount_2,data_col_50,data_col_51,data_col_52,verification_method,trust_score,indiamart_url,phone_number_3,data_col_57,data_col_58,phone_number_4,phone_number_5,data_col_63,phone_number_6,data_col_65,phone_number_7,data_col_67,data_col_68,url,data_col_70,data_col_71,amount_3,data_col_73,amount_4,data_col_75,data_col_76",73,C:\programs\700GB Cleaning Shi\Sample\Sorted\csv\schema\FILE_000151_751da933_new.csv
FILE_000161_d78650e7_new.csv,"id_internal,subscription_type,subscription_amount,extra_flag,company_id,verification_status,category_code,listing_type,slug,short_description,long_description,data_col_13,contact_first_name,contact_last_name,designation,data_col_17,data_col_18,data_col_19,email_1,email_2,data_col_22,data_col_23,company_name,country,country_code,address_line_1,address_line_2,city,locality,data_col_31,state_id,state,city_id,pincode,website,country_dial_code,area_code,landline_1,data_col_40,amount,mobile_1,mobile_2,phone_number,amount_1,amount_2,phone_number_1,amount_3,data_col_50,data_col_51,verification_method,trust_score,indiamart_url,phone_number_2,phone_number_3,phone_number_4,phone_number_5,phone_number_6,data_col_65,phone_number_7,data_col_67,data_col_68,url,data_col_70,data_col_71,amount_4,data_col_73,amount_5,data_col_75",68,C:\programs\700GB Cleaning Shi\Sample\Sorted\csv\schema\FILE_000161_d78650e7_new.csv
FILE_000182_124b8e6b_new.csv,"id_internal,subscription_type,subscription_amount,extra_flag,company_id,verification_status,category_code,listing_type,slug,short_description,long_description,data_col_13,contact_first_name,contact_last_name,designation,data_col_17,data_col_18,data_col_19,email_1,email_2,data_col_22,data_col_23,company_name,country,country_code,address_line_1,address_line_2,city,locality,data_col_31,state_id,state,city_id,pincode,website,country_dial_code,area_code,landline_1,data_col_40,amount,mobile_1,mobile_2,phone_number,amount_1,amount_2,id,amount_3,data_col_50,data_col_51,data_col_52,verification_method,trust_score,indiamart_url,phone_number_1,phone_number_2,data_col_59,phone_number_3,phone_number_4,phone_number_5,data_col_65,phone_number_6,data_col_67,data_col_68,url,data_col_70,data_col_71,data_col_72,data_col_73,amount_4,data_col_75",70,C:\programs\700GB Cleaning Shi\Sample\Sorted\csv\schema\FILE_000182_124b8e6b_new.csv
FILE_000046_1f268e88_new.csv,"id_internal,subscription_type,subscription_amount,extra_flag,company_id,verification_status,category_code,listing_type,slug,short_description,long_description,data_col_13,contact_first_name,contact_last_name,designation,data_col_17,data_col_18,data_col_19,email_1,email_2,data_col_22,data_col_23,company_name,country,country_code,address_line_1,address_line_2,city,locality,data_col_31,state_id,state,city_id,pincode,website,country_dial_code,area_code,landline_1,data_col_40,data_col_41,mobile_1,mobile_2,phone_number,amount,data_col_46,data_col_47,data_col_48,amount_1,data_col_50,data_col_51,verification_method,trust_score,indiamart_url,phone_number_1,data_col_57,phone_number_2,phone_number_3,data_col_64,data_col_65,phone_number_4,data_col_67,data_col_68,data_col_69,data_col_70,data_col_71,amount_2,data_col_73,amount_3,data_col_75",69,C:\programs\700GB Cleaning Shi\Sample\Sorted\csv\schema\FILE_000046_1f268e88_new.csv
FILE_000169_e4611a7b_new.csv,"id_internal,subscription_type,subscription_amount,extra_flag,company_id,verification_status,category_code,listing_type,slug,short_description,long_description,data_col_13,contact_first_name,contact_last_name,designation,data_col_17,data_col_18,data_col_19,email_1,email_2,data_col_22,data_col_23,company_name,country,country_code,address_line_1,address_line_2,city,locality,data_col_31,state_id,state,city_id,pincode,website,country_dial_code,area_code,landline_1,data_col_40,amount,mobile_1,mobile_2,id,data_col_45,amount_1,amount_2,phone_number,amount_3,amount_4,phone_number_1,phone_number_2,verification_method,trust_score,indiamart_url,amount_5,phone_number_3,amount_6,phone_number_4,phone_number_5,data_col_62,data_col_63,data_col_64,phone_number_6,phone_number_7,data_col_67,data_col_68,data_col_69,data_col_70,data_col_71,data_col_72,phone_number_8,amount_7,phone_number_9,data_col_76",74,C:\programs\700GB Cleaning Shi\Sample\Sorted\csv\schema\FILE_000169_e4611a7b_new.csv
FILE_000149_fa439935_new.csv,"id_internal,subscription_type,subscription_amount,extra_flag,company_id,verification_status,category_code,listing_type,slug,short_description,long_description,data_col_13,contact_first_name,contact_last_name,designation,data_col_17,data_col_18,data_col_19,email_1,email_2,data_col_22,data_col_23,company_name,country,country_code,address_line_1,address_line_2,city,locality,data_col_31,state_id,state,city_id,pincode,website,country_dial_code,area_code,landline_1,data_col_41,mobile_1,mobile_2,phone_number,amount,amount_1,phone_number_1,amount_2,data_col_50,data_col_51,data_col_52,verification_method,trust_score,indiamart_url,phone_number_2,data_col_57,data_col_59,phone_number_3,phone_number_4,phone_number_5,data_col_65,phone_number_6,data_col_67,data_col_68,url,data_col_70,data_col_71,data_col_72,data_col_73,amount_3,data_col_75",69,C:\programs\700GB Cleaning Shi\Sample\Sorted\csv\schema\FILE_000149_fa439935_new.csv
FILE_000172_d48f5ff3_new.csv,"id_internal,subscription_type,subscription_amount,extra_flag,company_id,verification_status,category_code,listing_type,slug,short_description,long_description,data_col_13,contact_first_name,contact_last_name,designation,data_col_17,data_col_18,data_col_19,email_1,email_2,data_col_22,data_col_23,company_name,country,country_code,address_line_1,address_line_2,city,locality,data_col_31,state_id,state,city_id,pincode,website,country_dial_code,area_code,landline_1,amount,mobile_1,mobile_2,phone_number,amount_1,data_col_47,data_col_48,amount_2,data_col_50,data_col_51,verification_method,trust_score,indiamart_url,phone_number_1,phone_number_2,phone_number_3,phone_number_4,data_col_64,data_col_65,phone_number_5,data_col_67,data_col_68,data_col_69,data_col_70,data_col_71,data_col_72,data_col_73,amount_3,data_col_75",67,C:\programs\700GB Cleaning Shi\Sample\Sorted\csv\schema\FILE_000172_d48f5ff3_new.csv
FILE_000221_305eb764_new.csv,"id_internal,subscription_type,subscription_amount,extra_flag,company_id,verification_status,category_code,listing_type,slug,short_description,long_description,data_col_13,contact_first_name,contact_last_name,designation,data_col_17,data_col_18,data_col_19,email_1,email_2,data_col_22,data_col_23,company_name,country,country_code,address_line_1,address_line_2,city,locality,data_col_31,state_id,state,city_id,pincode,website,country_dial_code,area_code,landline_1,data_col_41,mobile_1,mobile_2,phone_number,amount,data_col_47,data_col_48,amount_1,data_col_50,data_col_51,verification_method,trust_score,indiamart_url,phone_number_1,data_col_57,phone_number_2,phone_number_3,data_col_64,data_col_65,phone_number_4,data_col_67,data_col_68,url,data_col_70,data_col_71,amount_2,data_col_73,amount_3,data_col_75",67,C:\programs\700GB Cleaning Shi\Sample\Sorted\csv\schema\FILE_000221_305eb764_new.csv
FILE_000211_2beed3cc_new.csv,"id_internal,subscription_type,subscription_amount,extra_flag,company_id,verification_status,category_code,listing_type,slug,short_description,long_description,data_col_13,contact_first_name,contact_last_name,designation,data_col_17,data_col_18,data_col_19,email_1,email_2,data_col_22,data_col_23,company_name,country,country_code,address_line_1,address_line_2,city,locality,data_col_31,state_id,state,city_id,pincode,website,country_dial_code,area_code,landline_1,amount,mobile_1,mobile_2,phone_number,amount_1,amount_2,phone_number_1,amount_3,data_col_50,data_col_51,verification_method,trust_score,indiamart_url,phone_number_2,phone_number_3,phone_number_4,phone_number_5,phone_number_6,data_col_65,phone_number_7,data_col_67,data_col_68,url,data_col_70,data_col_71,data_col_72,data_col_73,amount_4,data_col_75",67,C:\programs\700GB Cleaning Shi\Sample\Sorted\csv\schema\FILE_000211_2beed3cc_new.csv
FILE_000223_03edca3a_new.csv,"id_internal,subscription_type,subscription_amount,extra_flag,company_id,verification_status,category_code,listing_type,slug,short_description,long_description,contact_first_name,contact_last_name,designation,data_col_18,data_col_19,email_1,email_2,company_name,country,country_code,address_line_1,address_line_2,city,locality,data_col_31,state_id,state,city_id,pincode,website,country_dial_code,area_code,landline_1,amount,mobile_1,mobile_2,phone_number,amount_1,amount_2,phone_number_1,amount_3,verification_method,trust_score,indiamart_url,phone_number_2,phone_number_3,phone_number_4,phone_number_5,phone_number_6,phone_number_7,data_col_67,data_col_68,data_col_69,data_col_70,data_col_71,data_col_72,amount_4,data_col_75",59,C:\programs\700GB Cleaning Shi\Sample\Sorted\csv\schema\FILE_000223_03edca3a_new.csv
FILE_000198_8707714a_new.csv,"id_internal,subscription_type,subscription_amount,extra_flag,company_id,verification_status,category_code,listing_type,slug,short_description,long_description,data_col_13,contact_first_name,contact_last_name,designation,data_col_17,data_col_18,data_col_19,email_1,email_2,company_name,country,country_code,address_line_1,address_line_2,city,locality,data_col_31,state_id,state,city_id,pincode,website,country_dial_code,area_code,landline_1,data_col_41,mobile_1,mobile_2,phone_number,amount,data_col_47,data_col_48,amount_1,verification_method,trust_score,indiamart_url,data_col_56,data_col_57,phone_number_1,phone_number_2,data_col_64,phone_number_3,data_col_67,data_col_68,url,data_col_70,data_col_71,amount_2,data_col_73,amount_3,data_col_75",62,C:\programs\700GB Cleaning Shi\Sample\Sorted\csv\schema\FILE_000198_8707714a_new.csv
FILE_000248_792bd376_new.csv,"id_internal,subscription_type,subscription_amount,extra_flag,company_id,verification_status,category_code,listing_type,slug,short_description,long_description,data_col_13,contact_first_name,contact_last_name,designation,data_col_17,data_col_18,data_col_19,email_1,email_2,data_col_22,data_col_23,company_name,country,country_code,address_line_1,address_line_2,city,locality,data_col_31,state_id,state,city_id,pincode,website,country_dial_code,area_code,landline_1,amount,mobile_1,mobile_2,phone_number,amount_1,amount_2,phone_number_1,amount_3,data_col_50,data_col_51,verification_method,trust_score,indiamart_url,phone_number_2,phone_number_3,phone_number_4,phone_number_5,phone_number_6,data_col_65,phone_number_7,data_col_67,data_col_68,url,data_col_70,data_col_71,data_col_72,data_col_73,amount_4,data_col_75",67,C:\programs\700GB Cleaning Shi\Sample\Sorted\csv\schema\FILE_000248_792bd376_new.csv
FILE_000242_3241ad11_new.csv,"id_internal,subscription_type,subscription_amount,extra_flag,company_id,verification_status,category_code,listing_type,slug,short_description,long_description,data_col_13,contact_first_name,contact_last_name,designation,data_col_17,data_col_18,data_col_19,email_1,email_2,data_col_22,data_col_23,company_name,country,country_code,address_line_1,address_line_2,city,locality,data_col_31,state_id,state,city_id,pincode,website,country_dial_code,area_code,landline_1,data_col_40,data_col_41,mobile_1,mobile_2,phone_number,amount,amount_1,phone_number_1,amount_2,data_col_50,data_col_51,verification_method,trust_score,indiamart_url,phone_number_2,data_col_57,phone_number_3,phone_number_4,phone_number_5,data_col_65,phone_number_6,data_col_67,data_col_68,data_col_69,data_col_70,data_col_71,data_col_72,data_col_73,amount_3,data_col_75",68,C:\programs\700GB Cleaning Shi\Sample\Sorted\csv\schema\FILE_000242_3241ad11_new.csv
FILE_000213_d4c98946_new.csv,"id_internal,subscription_type,subscription_amount,extra_flag,company_id,verification_status,category_code,listing_type,slug,short_description,long_description,data_col_13,contact_first_name,contact_last_name,designation,data_col_17,data_col_18,data_col_19,email_1,email_2,data_col_22,data_col_23,company_name,country,country_code,address_line_1,address_line_2,city,locality,data_col_31,state_id,state,city_id,pincode,website,country_dial_code,area_code,landline_1,data_col_40,data_col_41,mobile_1,mobile_2,phone_number,amount,data_col_47,data_col_48,amount_1,data_col_50,data_col_51,verification_method,trust_score,indiamart_url,phone_number_1,data_col_57,phone_number_2,phone_number_3,data_col_64,data_col_65,phone_number_4,data_col_67,data_col_68,url,data_col_70,data_col_71,data_col_72,data_col_73,amount_2,data_col_75",68,C:\programs\700GB Cleaning Shi\Sample\Sorted\csv\schema\FILE_000213_d4c98946_new.csv
FILE_000249_9440636d_new.csv,"id_internal,subscription_type,subscription_amount,extra_flag,company_id,verification_status,category_code,listing_type,slug,short_description,long_description,data_col_13,contact_first_name,contact_last_name,designation,data_col_17,data_col_18,data_col_19,email_1,email_2,data_col_22,data_col_23,company_name,country,country_code,address_line_1,address_line_2,city,locality,full_name,state_id,state,city_id,pincode,website,country_dial_code,area_code,landline_1,amount,mobile_1,mobile_2,phone_number,amount_1,amount_2,phone_number_1,amount_3,amount_4,phone_number_2,verification_method,trust_score,indiamart_url,phone_number_3,phone_number_4,phone_number_5,phone_number_6,phone_number_7,phone_number_8,phone_number_9,data_col_67,data_col_68,data_col_69,data_col_70,data_col_71,data_col_72,data_col_73,amount_5,data_col_75",67,C:\programs\700GB Cleaning Shi\Sample\Sorted\csv\schema\FILE_000249_9440636d_new.csv
FILE_000193_4bbd6545_new.csv,"id_internal,subscription_type,subscription_amount,extra_flag,company_id,verification_status,category_code,listing_type,slug,short_description,long_description,data_col_13,contact_first_name,contact_last_name,designation,data_col_17,data_col_18,data_col_19,email_1,email_2,data_col_22,data_col_23,company_name,country,country_code,address_line_1,address_line_2,city,locality,data_col_31,state_id,state,city_id,pincode,website,country_dial_code,area_code,landline_1,data_col_40,data_col_41,mobile_1,mobile_2,phone_number,amount,data_col_47,data_col_48,amount_1,data_col_50,data_col_51,data_col_52,verification_method,trust_score,indiamart_url,phone_number_1,data_col_57,data_col_59,phone_number_2,phone_number_3,data_col_64,data_col_65,phone_number_4,data_col_67,data_col_68,url,data_col_70,data_col_71,data_col_72,data_col_73,amount_2,data_col_75",70,C:\programs\700GB Cleaning Shi\Sample\Sorted\csv\schema\FILE_000193_4bbd6545_new.csv
FILE_000255_fa3eeeff_new.csv,"id_internal,subscription_type,subscription_amount,extra_flag,company_id,verification_status,category_code,listing_type,slug,short_description,long_description,data_col_13,contact_first_name,contact_last_name,designation,data_col_17,data_col_18,data_col_19,email_1,email_2,data_col_22,data_col_23,company_name,country,country_code,address_line_1,address_line_2,city,locality,data_col_31,state_id,state,city_id,pincode,website,country_dial_code,area_code,landline_1,data_col_40,amount,mobile_1,mobile_2,phone_number,amount_1,amount_2,phone_number_1,amount_3,data_col_50,data_col_51,verification_method,trust_score,indiamart_url,phone_number_2,phone_number_3,phone_number_4,phone_number_5,phone_number_6,data_col_65,phone_number_7,data_col_67,data_col_68,url,data_col_70,data_col_71,data_col_72,data_col_73,amount_4,data_col_75",68,C:\programs\700GB Cleaning Shi\Sample\Sorted\csv\schema\FILE_000255_fa3eeeff_new.csv
FILE_000256_68ee1504_new.csv,"id_internal,subscription_type,subscription_amount,extra_flag,company_id,verification_status,category_code,listing_type,slug,short_description,long_description,data_col_13,contact_first_name,contact_last_name,designation,data_col_17,data_col_18,data_col_19,email_1,email_2,data_col_22,data_col_23,company_name,country,country_code,address_line_1,address_line_2,city,locality,data_col_31,state_id,state,city_id,pincode,website,country_dial_code,area_code,landline_1,amount,mobile_1,mobile_2,phone_number,amount_1,data_col_47,data_col_48,amount_2,data_col_50,data_col_51,verification_method,trust_score,indiamart_url,phone_number_1,phone_number_2,phone_number_3,phone_number_4,data_col_64,data_col_65,phone_number_5,data_col_67,data_col_68,url,data_col_70,data_col_71,data_col_72,data_col_73,amount_3,data_col_75",67,C:\programs\700GB Cleaning Shi\Sample\Sorted\csv\schema\FILE_000256_68ee1504_new.csv
FILE_000246_04eda540_new.csv,"id_internal,subscription_type,subscription_amount,extra_flag,company_id,verification_status,category_code,listing_type,slug,short_description,long_description,data_col_13,contact_first_name,contact_last_name,designation,data_col_17,data_col_18,data_col_19,email_1,email_2,data_col_22,data_col_23,company_name,country,country_code,address_line_1,address_line_2,city,locality,data_col_31,state_id,state,city_id,pincode,website,country_dial_code,area_code,landline_1,data_col_40,data_col_41,mobile_1,mobile_2,phone_number,amount,data_col_46,data_col_47,data_col_48,amount_1,data_col_50,data_col_51,verification_method,trust_score,indiamart_url,phone_number_1,data_col_57,phone_number_2,phone_number_3,data_col_64,data_col_65,phone_number_4,data_col_67,data_col_68,data_col_69,data_col_70,data_col_71,data_col_72,data_col_73,amount_2,data_col_75",69,C:\programs\700GB Cleaning Shi\Sample\Sorted\csv\schema\FILE_000246_04eda540_new.csv
FILE_000212_634bccfd_new.csv,"id_internal,subscription_type,subscription_amount,extra_flag,company_id,verification_status,category_code,listing_type,slug,short_description,long_description,data_col_13,contact_first_name,contact_last_name,designation,data_col_17,data_col_18,data_col_19,email_1,email_2,data_col_22,data_col_23,company_name,country,country_code,address_line_1,address_line_2,city,locality,data_col_31,state_id,state,city_id,pincode,website,country_dial_code,area_code,landline_1,data_col_40,amount,mobile_1,mobile_2,phone_number,amount_1,data_col_46,data_col_47,data_col_48,amount_2,data_col_50,data_col_51,data_col_52,verification_method,trust_score,indiamart_url,phone_number_1,phone_number_2,data_col_59,phone_number_3,phone_number_4,data_col_63,data_col_64,data_col_65,phone_number_5,data_col_67,data_col_68,url,data_col_70,data_col_71,data_col_72,data_col_73,amount_3,data_col_75",72,C:\programs\700GB Cleaning Shi\Sample\Sorted\csv\schema\FILE_000212_634bccfd_new.csv
FILE_000251_734a0801_new.csv,"id_internal,subscription_type,subscription_amount,extra_flag,company_id,verification_status,category_code,listing_type,slug,short_description,long_description,data_col_13,contact_first_name,contact_last_name,designation,data_col_17,data_col_18,data_col_19,email_1,email_2,data_col_22,data_col_23,company_name,country,country_code,address_line_1,address_line_2,city,locality,data_col_31,state_id,state,city_id,pincode,website,country_dial_code,area_code,landline_1,data_col_41,mobile_1,mobile_2,phone_number,amount,data_col_47,data_col_48,amount_1,data_col_50,data_col_51,verification_method,trust_score,indiamart_url,phone_number_1,data_col_57,phone_number_2,phone_number_3,data_col_64,data_col_65,phone_number_4,data_col_67,data_col_68,data_col_69,data_col_70,data_col_71,data_col_72,data_col_73,amount_2,data_col_75",67,C:\programs\700GB Cleaning Shi\Sample\Sorted\csv\schema\FILE_000251_734a0801_new.csv
FILE_000254_2ba2ef25_new.csv,"id_internal,subscription_type,subscription_amount,extra_flag,company_id,verification_status,category_code,listing_type,slug,short_description,long_description,data_col_13,contact_first_name,contact_last_name,designation,data_col_17,data_col_18,data_col_19,email_1,email_2,data_col_22,data_col_23,company_name,country,country_code,address_line_1,address_line_2,city,locality,data_col_31,state_id,state,city_id,pincode,website,country_dial_code,area_code,landline_1,amount,mobile_1,mobile_2,phone_number,amount_1,amount_2,phone_number_1,amount_3,data_col_50,data_col_51,verification_method,trust_score,indiamart_url,phone_number_2,phone_number_3,phone_number_4,phone_number_5,phone_number_6,data_col_65,phone_number_7,data_col_67,data_col_68,url,data_col_70,data_col_71,amount_4,data_col_73,amount_5,data_col_75",67,C:\programs\700GB Cleaning Shi\Sample\Sorted\csv\schema\FILE_000254_2ba2ef25_new.csv
FILE_000243_5e844650_new.csv,"id_internal,subscription_type,subscription_amount,extra_flag,company_id,verification_status,category_code,listing_type,slug,short_description,long_description,data_col_13,contact_first_name,contact_last_name,designation,data_col_17,data_col_18,data_col_19,email_1,email_2,data_col_22,data_col_23,company_name,country,country_code,address_line_1,address_line_2,city,locality,data_col_31,state_id,state,city_id,pincode,website,country_dial_code,area_code,landline_1,data_col_40,amount,mobile_1,mobile_2,phone_number,amount_1,amount_2,phone_number_1,amount_3,amount_4,phone_number_2,verification_method,trust_score,indiamart_url,phone_number_3,phone_number_4,phone_number_5,phone_number_6,phone_number_7,phone_number_8,phone_number_9,data_col_67,data_col_68,url,data_col_70,data_col_71,amount_5,data_col_73,amount_6,data_col_75",68,C:\programs\700GB Cleaning Shi\Sample\Sorted\csv\schema\FILE_000243_5e844650_new.csv
FILE_000245_9dc9faa5_new.csv,"id_internal,subscription_type,subscription_amount,extra_flag,company_id,verification_status,category_code,listing_type,slug,short_description,long_description,data_col_13,contact_first_name,contact_last_name,designation,data_col_17,data_col_18,data_col_19,email_1,email_2,data_col_22,data_col_23,company_name,country,country_code,address_line_1,address_line_2,city,locality,data_col_31,state_id,state,city_id,pincode,website,country_dial_code,area_code,landline_1,data_col_41,mobile_1,mobile_2,phone_number,amount,data_col_46,data_col_47,data_col_48,amount_1,data_col_50,data_col_51,data_col_52,verification_method,trust_score,indiamart_url,phone_number_1,data_col_57,data_col_59,phone_number_2,phone_number_3,data_col_63,data_col_64,data_col_65,phone_number_4,data_col_67,data_col_68,data_col_69,data_col_70,data_col_71,data_col_72,data_col_73,amount_2,data_col_75",71,C:\programs\700GB Cleaning Shi\Sample\Sorted\csv\schema\FILE_000245_9dc9faa5_new.csv
FILE_000241_ce96bffd_new.csv,"id_internal,subscription_type,subscription_amount,extra_flag,company_id,verification_status,category_code,listing_type,slug,short_description,long_description,data_col_13,contact_first_name,contact_last_name,designation,data_col_17,data_col_18,data_col_19,email_1,email_2,data_col_22,data_col_23,company_name,country,country_code,address_line_1,address_line_2,city,locality,data_col_31,state_id,state,city_id,pincode,website,country_dial_code,area_code,landline_1,data_col_40,amount,mobile_1,mobile_2,phone_number,amount_1,data_col_46,amount_2,phone_number_1,amount_3,data_col_50,data_col_51,data_col_52,verification_method,trust_score,indiamart_url,phone_number_2,phone_number_3,data_col_58,data_col_59,phone_number_4,phone_number_5,data_col_62,data_col_63,phone_number_6,data_col_65,phone_number_7,data_col_67,data_col_68,url,data_col_70,data_col_71,data_col_72,data_col_73,amount_4,data_col_75,data_col_76",75,C:\programs\700GB Cleaning Shi\Sample\Sorted\csv\schema\FILE_000241_ce96bffd_new.csv
FILE_000250_c82c2572_new.csv,"id_internal,subscription_type,subscription_amount,extra_flag,company_id,verification_status,category_code,listing_type,slug,short_description,long_description,data_col_13,contact_first_name,contact_last_name,designation,data_col_17,data_col_18,data_col_19,email_1,email_2,data_col_22,data_col_23,company_name,country,country_code,address_line_1,address_line_2,city,locality,full_name,state_id,state,city_id,pincode,website,country_dial_code,area_code,landline_1,data_col_41,mobile_1,mobile_2,phone_number,amount,data_col_47,data_col_48,amount_1,data_col_50,data_col_51,verification_method,trust_score,indiamart_url,phone_number_1,data_col_57,phone_number_2,phone_number_3,data_col_64,data_col_65,phone_number_4,data_col_67,data_col_68,data_col_69,data_col_70,data_col_71,data_col_72,amount_2,data_col_75",66,C:\programs\700GB Cleaning Shi\Sample\Sorted\csv\schema\FILE_000250_c82c2572_new.csv
FILE_000240_65b7a4bb_new.csv,"id_internal,subscription_type,subscription_amount,extra_flag,company_id,verification_status,category_code,listing_type,slug,short_description,long_description,data_col_13,contact_first_name,contact_last_name,designation,data_col_17,data_col_18,data_col_19,email_1,email_2,data_col_22,data_col_23,company_name,country,country_code,address_line_1,address_line_2,city,locality,full_name,state_id,state,city_id,pincode,website,country_dial_code,area_code,landline_1,data_col_40,amount,mobile_1,mobile_2,phone_number,amount_1,data_col_46,amount_2,phone_number_1,amount_3,data_col_50,data_col_51,data_col_52,verification_method,trust_score,indiamart_url,phone_number_2,phone_number_3,phone_number_4,phone_number_5,data_col_62,data_col_63,phone_number_6,data_col_65,phone_number_7,data_col_67,data_col_68,url,data_col_70,data_col_71,amount_4,data_col_73,amount_5,data_col_75",72,C:\programs\700GB Cleaning Shi\Sample\Sorted\csv\schema\FILE_000240_65b7a4bb_new.csv
FILE_000258_c1f4f116_new.csv,"id_internal,subscription_type,subscription_amount,extra_flag,company_id,verification_status,category_code,listing_type,slug,short_description,long_description,data_col_13,contact_first_name,contact_last_name,designation,data_col_17,data_col_18,data_col_19,email_1,email_2,data_col_22,data_col_23,company_name,country,country_code,address_line_1,address_line_2,city,locality,data_col_31,state_id,state,city_id,pincode,website,country_dial_code,area_code,landline_1,amount,mobile_1,mobile_2,phone_number,amount_1,data_col_47,data_col_48,amount_2,data_col_50,data_col_51,verification_method,trust_score,indiamart_url,phone_number_1,phone_number_2,phone_number_3,phone_number_4,data_col_64,data_col_65,phone_number_5,data_col_67,data_col_68,data_col_69,data_col_70,data_col_71,data_col_72,data_col_73,amount_3,data_col_75",67,C:\programs\700GB Cleaning Shi\Sample\Sorted\csv\schema\FILE_000258_c1f4f116_new.csv
FILE_000252_525bdff9_new.csv,"id_internal,subscription_type,subscription_amount,extra_flag,company_id,verification_status,category_code,listing_type,slug,short_description,long_description,data_col_13,contact_first_name,contact_last_name,designation,data_col_17,data_col_18,data_col_19,email_1,email_2,data_col_22,data_col_23,company_name,country,country_code,address_line_1,address_line_2,city,locality,data_col_31,state_id,state,city_id,pincode,website,country_dial_code,area_code,landline_1,data_col_40,amount,mobile_1,mobile_2,phone_number,amount_1,data_col_47,data_col_48,amount_2,data_col_50,data_col_51,data_col_52,verification_method,trust_score,indiamart_url,phone_number_1,phone_number_2,data_col_59,phone_number_3,phone_number_4,data_col_64,data_col_65,phone_number_5,data_col_67,data_col_68,data_col_69,data_col_70,data_col_71,data_col_72,data_col_73,amount_3,data_col_75",70,C:\programs\700GB Cleaning Shi\Sample\Sorted\csv\schema\FILE_000252_525bdff9_new.csv
FILE_000247_8e95d1f2_new.csv,"id_internal,subscription_type,subscription_amount,extra_flag,company_id,verification_status,category_code,listing_type,slug,short_description,long_description,data_col_13,contact_first_name,contact_last_name,designation,data_col_17,data_col_18,data_col_19,email_1,email_2,data_col_22,data_col_23,company_name,country,country_code,address_line_1,address_line_2,city,locality,data_col_31,state_id,state,city_id,pincode,website,country_dial_code,area_code,landline_1,amount,mobile_1,mobile_2,phone_number,amount_1,amount_2,phone_number_1,amount_3,data_col_50,data_col_51,verification_method,trust_score,indiamart_url,phone_number_2,phone_number_3,phone_number_4,phone_number_5,phone_number_6,data_col_65,phone_number_7,data_col_67,data_col_68,url,data_col_70,data_col_71,amount_4,data_col_73,amount_5,data_col_75",67,C:\programs\700GB Cleaning Shi\Sample\Sorted\csv\schema\FILE_000247_8e95d1f2_new.csv
FILE_000271_16c9a9bd_new.csv,"id_internal,subscription_type,subscription_amount,extra_flag,company_id,verification_status,category_code,listing_type,slug,short_description,long_description,data_col_13,contact_first_name,contact_last_name,designation,data_col_17,data_col_18,data_col_19,email_1,email_2,data_col_22,data_col_23,company_name,country,country_code,address_line_1,address_line_2,city,locality,data_col_31,state_id,state,city_id,pincode,website,country_dial_code,area_code,landline_1,data_col_41,mobile_1,mobile_2,phone_number,amount,data_col_47,data_col_48,amount_1,verification_method,trust_score,indiamart_url,phone_number_1,data_col_57,phone_number_2,phone_number_3,data_col_64,phone_number_4,data_col_67,data_col_68,url,data_col_70,data_col_71,data_col_72,data_col_73,amount_2,data_col_75",64,C:\programs\700GB Cleaning Shi\Sample\Sorted\csv\schema\FILE_000271_16c9a9bd_new.csv
FILE_000266_e7896f7d_new.csv,"id_internal,subscription_type,subscription_amount,extra_flag,company_id,verification_status,category_code,listing_type,slug,short_description,long_description,data_col_13,contact_first_name,contact_last_name,designation,data_col_17,data_col_18,data_col_19,email_1,email_2,data_col_22,data_col_23,company_name,country,country_code,address_line_1,address_line_2,city,locality,data_col_31,state_id,state,city_id,pincode,website,country_dial_code,area_code,landline_1,data_col_40,data_col_41,mobile_1,mobile_2,phone_number,amount,data_col_46,data_col_47,data_col_48,amount_1,data_col_50,data_col_51,data_col_52,verification_method,trust_score,indiamart_url,phone_number_1,data_col_57,data_col_59,phone_number_2,phone_number_3,data_col_64,data_col_65,phone_number_4,data_col_67,data_col_68,data_col_69,data_col_70,data_col_71,data_col_72,data_col_73,amount_2,data_col_75",71,C:\programs\700GB Cleaning Shi\Sample\Sorted\csv\schema\FILE_000266_e7896f7d_new.csv
FILE_000314_7d44b4b0_new.csv,"id_internal,subscription_type,subscription_amount,extra_flag,company_id,verification_status,category_code,listing_type,slug,short_description,long_description,data_col_13,contact_first_name,contact_last_name,designation,data_col_17,data_col_18,data_col_19,email_1,email_2,data_col_22,data_col_23,company_name,country,country_code,address_line_1,address_line_2,city,locality,data_col_31,state_id,state,city_id,pincode,website,country_dial_code,area_code,landline_1,amount,mobile_1,mobile_2,phone_number,amount_1,data_col_47,data_col_48,amount_2,data_col_50,data_col_51,verification_method,trust_score,indiamart_url,phone_number_1,phone_number_2,phone_number_3,phone_number_4,data_col_64,data_col_65,phone_number_5,data_col_67,data_col_68,data_col_69,data_col_70,data_col_71,amount_3,data_col_73,amount_4,data_col_75",67,C:\programs\700GB Cleaning Shi\Sample\Sorted\csv\schema\FILE_000314_7d44b4b0_new.csv
FILE_000308_30da29a1_new.csv,"id_internal,subscription_type,subscription_amount,extra_flag,company_id,verification_status,category_code,listing_type,slug,short_description,long_description,data_col_13,contact_first_name,contact_last_name,designation,data_col_17,data_col_18,data_col_19,email_1,email_2,data_col_22,data_col_23,company_name,country,country_code,address_line_1,address_line_2,city,locality,full_name,state_id,state,city_id,pincode,website,country_dial_code,area_code,landline_1,data_col_40,amount,mobile_1,mobile_2,phone_number,amount_1,amount_2,phone_number_1,amount_3,verification_method,trust_score,indiamart_url,phone_number_2,phone_number_3,phone_number_4,phone_number_5,phone_number_6,phone_number_7,data_col_67,data_col_68,data_col_69,data_col_70,data_col_71,data_col_72,data_col_73,amount_4,data_col_75",65,C:\programs\700GB Cleaning Shi\Sample\Sorted\csv\schema\FILE_000308_30da29a1_new.csv
FILE_000261_77ee4cef_new.csv,"id_internal,subscription_type,subscription_amount,extra_flag,company_id,verification_status,category_code,listing_type,slug,short_description,long_description,data_col_13,contact_first_name,contact_last_name,designation,data_col_17,data_col_18,data_col_19,email_1,email_2,data_col_22,data_col_23,company_name,country,country_code,address_line_1,address_line_2,city,locality,data_col_31,state_id,state,city_id,pincode,website,country_dial_code,area_code,landline_1,amount,mobile_1,mobile_2,phone_number,amount_1,data_col_47,data_col_48,amount_2,data_col_50,data_col_51,verification_method,trust_score,indiamart_url,phone_number_1,phone_number_2,phone_number_3,phone_number_4,data_col_64,data_col_65,phone_number_5,data_col_67,data_col_68,url,data_col_70,data_col_71,data_col_72,data_col_73,amount_3,data_col_75",67,C:\programs\700GB Cleaning Shi\Sample\Sorted\csv\schema\FILE_000261_77ee4cef_new.csv
FILE_000265_a2879308_new.csv,"id_internal,subscription_type,subscription_amount,extra_flag,company_id,verification_status,category_code,listing_type,slug,short_description,long_description,data_col_13,contact_first_name,contact_last_name,designation,data_col_17,data_col_18,data_col_19,email_1,email_2,data_col_22,data_col_23,company_name,country,country_code,address_line_1,address_line_2,city,locality,full_name,state_id,state,city_id,pincode,website,country_dial_code,area_code,landline_1,amount,mobile_1,mobile_2,phone_number,amount_1,amount_2,phone_number_1,amount_3,data_col_50,data_col_51,verification_method,trust_score,indiamart_url,phone_number_2,phone_number_3,phone_number_4,phone_number_5,phone_number_6,data_col_65,phone_number_7,data_col_67,data_col_68,data_col_69,data_col_70,data_col_71,data_col_72,data_col_73,amount_4,data_col_75",67,C:\programs\700GB Cleaning Shi\Sample\Sorted\csv\schema\FILE_000265_a2879308_new.csv
FILE_000267_68afdc78_new.csv,"id_internal,subscription_type,subscription_amount,extra_flag,company_id,verification_status,category_code,listing_type,slug,short_description,long_description,data_col_13,contact_first_name,contact_last_name,designation,data_col_17,data_col_18,data_col_19,email_1,email_2,data_col_22,data_col_23,company_name,country,country_code,address_line_1,address_line_2,city,locality,data_col_31,state_id,state,city_id,pincode,website,country_dial_code,area_code,landline_1,data_col_40,amount,mobile_1,mobile_2,phone_number,amount_1,data_col_47,data_col_48,amount_2,data_col_50,data_col_51,verification_method,trust_score,indiamart_url,phone_number_1,phone_number_2,phone_number_3,phone_number_4,data_col_64,data_col_65,phone_number_5,data_col_67,data_col_68,url,data_col_70,data_col_71,data_col_72,data_col_73,amount_3,data_col_75",68,C:\programs\700GB Cleaning Shi\Sample\Sorted\csv\schema\FILE_000267_68afdc78_new.csv
FILE_000262_4a459700_new.csv,"id_internal,subscription_type,subscription_amount,extra_flag,company_id,verification_status,category_code,listing_type,slug,short_description,long_description,data_col_13,contact_first_name,contact_last_name,designation,data_col_17,data_col_18,data_col_19,email_1,email_2,data_col_22,data_col_23,company_name,country,country_code,address_line_1,address_line_2,city,locality,data_col_31,state_id,state,city_id,pincode,website,country_dial_code,area_code,landline_1,data_col_40,amount,mobile_1,mobile_2,phone_number,amount_1,amount_2,phone_number_1,amount_3,data_col_50,data_col_51,verification_method,trust_score,indiamart_url,phone_number_2,phone_number_3,phone_number_4,phone_number_5,phone_number_6,data_col_65,phone_number_7,data_col_67,data_col_68,url,data_col_70,data_col_71,data_col_72,data_col_73,amount_4,data_col_75",68,C:\programs\700GB Cleaning Shi\Sample\Sorted\csv\schema\FILE_000262_4a459700_new.csv
FILE_000260_5599826e_new.csv,"id_internal,subscription_type,subscription_amount,extra_flag,company_id,verification_status,category_code,listing_type,slug,short_description,long_description,data_col_13,contact_first_name,contact_last_name,designation,full_name,data_col_18,data_col_19,email_1,email_2,email,data_col_23,company_name,country,country_code,address_line_1,address_line_2,city,locality,data_col_31,state_id,state,city_id,pincode,website,country_dial_code,area_code,landline_1,phone_number,amount,mobile_1,mobile_2,phone_number_1,amount_1,amount_2,amount_3,amount_4,amount_5,amount_6,phone_number_2,data_col_52,verification_method,trust_score,indiamart_url,data_col_56,phone_number_3,phone_number_4,phone_number_5,phone_number_6,data_col_63,phone_number_7,phone_number_8,phone_number_9,data_col_67,data_col_68,data_col_69,data_col_70,data_col_71,data_col_72,data_col_73,amount_7,data_col_75",72,C:\programs\700GB Cleaning Shi\Sample\Sorted\csv\schema\FILE_000260_5599826e_new.csv
FILE_000257_80437ec8_new.csv,"id_internal,subscription_type,subscription_amount,extra_flag,company_id,verification_status,category_code,listing_type,slug,short_description,long_description,data_col_13,contact_first_name,contact_last_name,designation,data_col_17,data_col_18,data_col_19,email_1,email_2,data_col_22,data_col_23,company_name,country,country_code,address_line_1,address_line_2,city,locality,data_col_31,state_id,state,city_id,pincode,website,country_dial_code,area_code,landline_1,amount,mobile_1,mobile_2,phone_number,amount_1,data_col_47,data_col_48,amount_2,data_col_50,data_col_51,verification_method,trust_score,indiamart_url,phone_number_1,phone_number_2,phone_number_3,phone_number_4,data_col_64,data_col_65,phone_number_5,data_col_67,data_col_68,data_col_69,data_col_70,data_col_71,data_col_72,data_col_73,amount_3,data_col_75",67,C:\programs\700GB Cleaning Shi\Sample\Sorted\csv\schema\FILE_000257_80437ec8_new.csv
FILE_000323_b2b90aaf_new.csv,"id_internal,subscription_type,subscription_amount,extra_flag,company_id,verification_status,category_code,listing_type,slug,short_description,long_description,data_col_13,contact_first_name,contact_last_name,designation,full_name,data_col_18,data_col_19,email_1,email_2,data_col_22,data_col_23,company_name,country,country_code,address_line_1,address_line_2,city,locality,data_col_31,state_id,state,city_id,pincode,website,country_dial_code,area_code,landline_1,data_col_41,mobile_1,mobile_2,phone_number,amount,data_col_47,data_col_48,amount_1,verification_method,trust_score,indiamart_url,phone_number_1,data_col_57,phone_number_2,phone_number_3,data_col_64,phone_number_4,data_col_67,data_col_68,url,data_col_70,data_col_71,amount_2,data_col_73,amount_3,data_col_75",64,C:\programs\700GB Cleaning Shi\Sample\Sorted\csv\schema\FILE_000323_b2b90aaf_new.csv
FILE_000294_b27dc5de_new.csv,"id_internal,subscription_type,subscription_amount,extra_flag,company_id,verification_status,category_code,listing_type,slug,short_description,long_description,data_col_13,contact_first_name,contact_last_name,designation,data_col_17,data_col_18,data_col_19,email_1,email_2,data_col_22,data_col_23,company_name,country,country_code,address_line_1,address_line_2,city,locality,data_col_31,state_id,state,city_id,pincode,website,country_dial_code,area_code,landline_1,data_col_41,mobile_1,mobile_2,data_col_44,amount,data_col_47,data_col_48,amount_1,data_col_50,data_col_51,verification_method,trust_score,indiamart_url,data_col_56,data_col_57,phone_number,data_col_61,data_col_64,data_col_65,phone_number_1,data_col_67,data_col_68,amount_2,amount_3,data_col_75",63,C:\programs\700GB Cleaning Shi\Sample\Sorted\csv\schema\FILE_000294_b27dc5de_new.csv
FILE_000335_ad269586_new.csv,"id_internal,subscription_type,subscription_amount,extra_flag,company_id,verification_status,category_code,listing_type,slug,short_description,long_description,data_col_13,contact_first_name,contact_last_name,designation,data_col_17,data_col_18,data_col_19,email_1,email_2,data_col_22,data_col_23,company_name,country,country_code,address_line_1,address_line_2,city,locality,data_col_31,state_id,state,city_id,pincode,website,country_dial_code,area_code,landline_1,amount,mobile_1,mobile_2,phone_number,amount_1,amount_2,phone_number_1,amount_3,data_col_50,data_col_51,verification_method,trust_score,indiamart_url,phone_number_2,phone_number_3,phone_number_4,phone_number_5,phone_number_6,data_col_65,phone_number_7,data_col_67,data_col_68,data_col_69,data_col_70,data_col_71,amount_4,data_col_73,amount_5,data_col_75",67,C:\programs\700GB Cleaning Shi\Sample\Sorted\csv\schema\FILE_000335_ad269586_new.csv
FILE_000361_0a27be12_new.csv,"id_internal,subscription_type,subscription_amount,extra_flag,company_id,verification_status,category_code,listing_type,slug,short_description,long_description,data_col_13,contact_first_name,contact_last_name,designation,data_col_17,data_col_18,data_col_19,email_1,email_2,data_col_22,data_col_23,company_name,country,country_code,address_line_1,address_line_2,city,locality,data_col_31,state_id,state,city_id,pincode,website,country_dial_code,area_code,landline_1,mobile_2,phone_number,amount,data_col_47,data_col_48,amount_1,verification_method,trust_score,indiamart_url,phone_number_1,phone_number_2,phone_number_3,data_col_64,phone_number_4,data_col_67,data_col_68,url,data_col_70,data_col_71,amount_2,data_col_73,amount_3,data_col_75",61,C:\programs\700GB Cleaning Shi\Sample\Sorted\csv\schema\FILE_000361_0a27be12_new.csv
FILE_000285_b71c9d17_new.csv,"id_internal,subscription_type,subscription_amount,extra_flag,company_id,verification_status,category_code,listing_type,slug,short_description,long_description,data_col_13,contact_first_name,contact_last_name,designation,data_col_17,data_col_18,data_col_19,email_1,email_2,data_col_22,data_col_23,company_name,country,country_code,address_line_1,address_line_2,city,locality,full_name,state_id,state,city_id,pincode,website,country_dial_code,area_code,landline_1,data_col_41,mobile_1,mobile_2,phone_number,amount,amount_1,id,amount_2,verification_method,trust_score,indiamart_url,phone_number_1,data_col_57,phone_number_2,phone_number_3,phone_number_4,phone_number_5,data_col_67,data_col_68,amount_3,amount_4",59,C:\programs\700GB Cleaning Shi\Sample\Sorted\csv\schema\FILE_000285_b71c9d17_new.csv
FILE_000424_37ade6fb_new.csv,"id_internal,subscription_type,subscription_amount,extra_flag,company_id,verification_status,category_code,listing_type,slug,short_description,long_description,data_col_13,contact_first_name,contact_last_name,designation,data_col_17,data_col_18,data_col_19,email_1,email_2,data_col_22,data_col_23,company_name,country,country_code,address_line_1,address_line_2,city,locality,full_name,state_id,state,city_id,pincode,website,country_dial_code,area_code,landline_1,data_col_41,mobile_1,mobile_2,phone_number,amount,amount_1,id,amount_2,verification_method,trust_score,indiamart_url,phone_number_1,data_col_57,phone_number_2,phone_number_3,phone_number_4,phone_number_5,data_col_67,data_col_68,data_col_69,data_col_70,data_col_71,data_col_72,data_col_73,amount_3,data_col_75",64,C:\programs\700GB Cleaning Shi\Sample\Sorted\csv\schema\FILE_000424_37ade6fb_new.csv
FILE_000350_8e06891b_new.csv,"id_internal,subscription_type,subscription_amount,extra_flag,company_id,verification_status,category_code,listing_type,slug,short_description,long_description,contact_first_name,contact_last_name,designation,data_col_18,data_col_19,email_1,email_2,company_name,country,country_code,address_line_1,address_line_2,city,locality,data_col_31,state_id,state,city_id,pincode,website,country_dial_code,area_code,landline_1,data_col_41,mobile_1,mobile_2,phone_number,amount,data_col_47,data_col_48,amount_1,data_col_50,data_col_51,verification_method,trust_score,indiamart_url,phone_number_1,data_col_57,phone_number_2,phone_number_3,data_col_64,data_col_65,phone_number_4,data_col_67,data_col_68,url,data_col_70,data_col_71,data_col_72,amount_2,data_col_75",62,C:\programs\700GB Cleaning Shi\Sample\Sorted\csv\schema\FILE_000350_8e06891b_new.csv
FILE_000355_9df0adf5_new.csv,"id_internal,subscription_type,subscription_amount,extra_flag,company_id,verification_status,category_code,listing_type,slug,short_description,long_description,data_col_13,contact_first_name,contact_last_name,designation,data_col_17,data_col_18,data_col_19,email_1,email_2,company_name,country,country_code,address_line_1,address_line_2,city,locality,data_col_31,state_id,state,city_id,pincode,website,country_dial_code,area_code,landline_1,amount,mobile_1,mobile_2,phone_number,amount_1,amount_2,id,amount_3,verification_method,trust_score,indiamart_url,phone_number_1,phone_number_2,phone_number_3,phone_number_4,phone_number_5,phone_number_6,data_col_67,data_col_68,url,data_col_70,data_col_71,amount_4,data_col_73,amount_5,data_col_75",62,C:\programs\700GB Cleaning Shi\Sample\Sorted\csv\schema\FILE_000355_9df0adf5_new.csv
FILE_000418_f4312dbe_new.csv,"id_internal,subscription_type,subscription_amount,extra_flag,company_id,verification_status,category_code,listing_type,slug,short_description,long_description,data_col_13,contact_first_name,contact_last_name,designation,data_col_17,data_col_18,data_col_19,email_1,email_2,data_col_22,data_col_23,company_name,country,country_code,address_line_1,address_line_2,city,locality,data_col_31,state_id,state,city_id,pincode,website,country_dial_code,area_code,landline_1,data_col_40,amount,mobile_1,mobile_2,phone_number,amount_1,data_col_46,data_col_47,data_col_48,amount_2,data_col_50,data_col_51,verification_method,trust_score,indiamart_url,phone_number_1,phone_number_2,data_col_58,phone_number_3,phone_number_4,data_col_64,data_col_65,phone_number_5,data_col_67,data_col_68,url,data_col_70,data_col_71,data_col_72,data_col_73,amount_3,data_col_75",70,C:\programs\700GB Cleaning Shi\Sample\Sorted\csv\schema\FILE_000418_f4312dbe_new.csv
FILE_000336_a8991f6a_new.csv,"id_internal,subscription_type,subscription_amount,extra_flag,company_id,verification_status,category_code,listing_type,slug,short_description,long_description,data_col_13,contact_first_name,contact_last_name,designation,data_col_17,data_col_18,data_col_19,email_1,email_2,data_col_22,data_col_23,company_name,country,country_code,address_line_1,address_line_2,city,locality,data_col_31,state_id,state,city_id,pincode,website,country_dial_code,area_code,landline_1,data_col_41,mobile_1,mobile_2,phone_number,amount,data_col_47,data_col_48,amount_1,data_col_50,data_col_51,verification_method,trust_score,indiamart_url,data_col_56,data_col_57,phone_number_1,phone_number_2,data_col_64,data_col_65,phone_number_3,data_col_67,data_col_68,url,data_col_70,data_col_71,amount_2,data_col_73,amount_3,data_col_75",67,C:\programs\700GB Cleaning Shi\Sample\Sorted\csv\schema\FILE_000336_a8991f6a_new.csv
FILE_000322_8bcafcac_new.csv,"id_internal,subscription_type,subscription_amount,extra_flag,company_id,verification_status,category_code,listing_type,slug,short_description,long_description,contact_first_name,contact_last_name,designation,data_col_18,data_col_19,email_1,email_2,company_name,country,country_code,address_line_1,address_line_2,city,locality,full_name,state_id,state,city_id,pincode,website,country_dial_code,area_code,landline_1,amount,mobile_1,mobile_2,phone_number,amount_1,amount_2,id,amount_3,data_col_50,data_col_51,verification_method,trust_score,indiamart_url,phone_number_1,phone_number_2,phone_number_3,phone_number_4,phone_number_5,data_col_65,phone_number_6,data_col_67,data_col_68,url,data_col_70,data_col_71,data_col_72,data_col_73,amount_4,data_col_75",63,C:\programs\700GB Cleaning Shi\Sample\Sorted\csv\schema\FILE_000322_8bcafcac_new.csv
FILE_000448_76eebaf5_new.csv,"id_internal,subscription_type,subscription_amount,extra_flag,company_id,verification_status,category_code,listing_type,slug,short_description,long_description,data_col_13,contact_first_name,contact_last_name,designation,data_col_18,data_col_19,email_1,email_2,company_name,country,country_code,address_line_1,address_line_2,city,locality,data_col_31,state_id,state,city_id,pincode,website,country_dial_code,area_code,landline_1,data_col_41,mobile_1,mobile_2,data_col_44,amount,data_col_47,data_col_48,amount_1,verification_method,trust_score,indiamart_url,phone_number,data_col_57,data_col_58,data_col_59,phone_number_1,data_col_61,data_col_64,data_col_65,phone_number_2,data_col_67,data_col_68,url,data_col_70,data_col_71,amount_2,amount_3,data_col_75",63,C:\programs\700GB Cleaning Shi\Sample\Sorted\csv\schema\FILE_000448_76eebaf5_new.csv
FILE_000485_32a89f81_new.csv,"id_internal,subscription_type,subscription_amount,extra_flag,company_id,verification_status,category_code,listing_type,slug,short_description,long_description,data_col_13,contact_first_name,contact_last_name,designation,data_col_17,data_col_18,data_col_19,email_1,email_2,data_col_22,data_col_23,company_name,country,country_code,address_line_1,address_line_2,city,locality,data_col_31,state_id,state,city_id,pincode,website,country_dial_code,area_code,landline_1,data_col_40,data_col_41,mobile_1,mobile_2,phone_number,amount,data_col_46,amount_1,phone_number_1,amount_2,data_col_51,verification_method,trust_score,indiamart_url,phone_number_2,data_col_57,data_col_58,data_col_59,phone_number_3,phone_number_4,data_col_62,data_col_63,phone_number_5,phone_number_6,data_col_67,data_col_68,data_col_69,data_col_70,data_col_71,amount_3,data_col_73,amount_4,data_col_75,data_col_76",72,C:\programs\700GB Cleaning Shi\Sample\Sorted\csv\schema\FILE_000485_32a89f81_new.csv
FILE_000474_0761b2e6_new.csv,"id_internal,subscription_type,subscription_amount,extra_flag,company_id,verification_status,category_code,listing_type,slug,short_description,long_description,data_col_13,contact_first_name,contact_last_name,designation,data_col_17,data_col_18,data_col_19,email_1,email_2,data_col_22,data_col_23,company_name,country,country_code,address_line_1,address_line_2,city,locality,data_col_31,state_id,state,city_id,pincode,website,country_dial_code,area_code,landline_1,data_col_41,mobile_1,mobile_2,phone_number,amount,data_col_47,data_col_48,amount_1,verification_method,trust_score,indiamart_url,phone_number_1,data_col_57,phone_number_2,phone_number_3,data_col_64,phone_number_4,data_col_67,data_col_68,data_col_69,data_col_70,data_col_71,data_col_72,data_col_73,amount_2,data_col_75",64,C:\programs\700GB Cleaning Shi\Sample\Sorted\csv\schema\FILE_000474_0761b2e6_new.csv
FILE_000463_4262883b_new.csv,"id_internal,subscription_type,subscription_amount,extra_flag,company_id,verification_status,category_code,listing_type,slug,short_description,long_description,data_col_13,contact_first_name,contact_last_name,designation,data_col_17,data_col_18,data_col_19,email_1,email_2,company_name,country,country_code,address_line_1,address_line_2,city,locality,data_col_31,state_id,state,city_id,pincode,website,country_dial_code,area_code,landline_1,data_col_40,data_col_41,mobile_1,mobile_2,phone_number,amount,data_col_46,data_col_47,data_col_48,amount_1,data_col_50,data_col_52,verification_method,trust_score,indiamart_url,phone_number_1,data_col_57,data_col_58,data_col_59,phone_number_2,phone_number_3,data_col_62,data_col_64,data_col_65,phone_number_4,data_col_67,data_col_68,data_col_69,amount_2,data_col_73,amount_3,data_col_75",68,C:\programs\700GB Cleaning Shi\Sample\Sorted\csv\schema\FILE_000463_4262883b_new.csv
FILE_000342_452a76ba_new.csv,"id_internal,subscription_type,subscription_amount,extra_flag,company_id,verification_status,category_code,listing_type,slug,short_description,long_description,data_col_13,contact_first_name,contact_last_name,designation,data_col_17,data_col_18,data_col_19,email_1,email_2,data_col_22,data_col_23,company_name,country,country_code,address_line_1,address_line_2,city,locality,data_col_31,state_id,state,city_id,pincode,website,country_dial_code,area_code,landline_1,data_col_41,mobile_1,mobile_2,phone_number,amount,data_col_47,data_col_48,amount_1,data_col_50,data_col_51,verification_method,trust_score,indiamart_url,phone_number_1,data_col_57,phone_number_2,phone_number_3,data_col_64,data_col_65,phone_number_4,data_col_67,data_col_68,data_col_69,data_col_70,data_col_71,data_col_72,data_col_73,amount_2,data_col_75",67,C:\programs\700GB Cleaning Shi\Sample\Sorted\csv\schema\FILE_000342_452a76ba_new.csv
FILE_000419_b321a19a_new.csv,"id_internal,subscription_type,subscription_amount,extra_flag,company_id,verification_status,category_code,listing_type,slug,short_description,long_description,data_col_13,contact_first_name,contact_last_name,designation,data_col_17,data_col_18,data_col_19,email_1,email_2,company_name,country,country_code,address_line_1,address_line_2,city,locality,data_col_31,state_id,state,city_id,pincode,website,country_dial_code,area_code,landline_1,data_col_40,data_col_41,mobile_1,mobile_2,phone_number,amount,data_col_46,data_col_47,data_col_48,amount_1,data_col_50,data_col_51,data_col_52,verification_method,trust_score,indiamart_url,phone_number_1,data_col_57,data_col_58,phone_number_2,phone_number_3,data_col_63,data_col_64,data_col_65,phone_number_4,data_col_67,data_col_68,url,data_col_70,data_col_71,amount_2,data_col_73,amount_3,data_col_75",70,C:\programs\700GB Cleaning Shi\Sample\Sorted\csv\schema\FILE_000419_b321a19a_new.csv
FILE_000486_7ba9f9fd_new.csv,"id_internal,subscription_type,subscription_amount,extra_flag,company_id,verification_status,category_code,listing_type,slug,short_description,long_description,data_col_13,contact_first_name,contact_last_name,designation,data_col_17,data_col_18,data_col_19,email_1,email_2,data_col_22,data_col_23,company_name,country,country_code,address_line_1,address_line_2,city,locality,full_name,state_id,state,city_id,pincode,website,country_dial_code,area_code,landline_1,data_col_40,amount,mobile_1,mobile_2,phone_number,amount_1,data_col_46,amount_2,id,amount_3,data_col_52,verification_method,trust_score,indiamart_url,phone_number_1,phone_number_2,data_col_58,phone_number_3,phone_number_4,data_col_63,phone_number_5,phone_number_6,data_col_67,data_col_68,url,data_col_70,data_col_71,amount_4,amount_5,data_col_75",68,C:\programs\700GB Cleaning Shi\Sample\Sorted\csv\schema\FILE_000486_7ba9f9fd_new.csv
FILE_000543_620f8221_new.csv,"id_internal,subscription_type,subscription_amount,extra_flag,company_id,verification_status,category_code,listing_type,slug,short_description,long_description,data_col_13,contact_first_name,contact_last_name,designation,data_col_17,data_col_18,data_col_19,email_1,email_2,data_col_22,data_col_23,company_name,country,country_code,address_line_1,address_line_2,city,locality,data_col_31,state_id,state,city_id,pincode,website,country_dial_code,area_code,landline_1,data_col_41,mobile_1,mobile_2,phone_number,amount,data_col_46,data_col_47,data_col_48,amount_1,data_col_50,verification_method,trust_score,indiamart_url,phone_number_1,data_col_57,phone_number_2,phone_number_3,data_col_64,phone_number_4,data_col_67,data_col_68,url,data_col_70,data_col_71,amount_2,data_col_73,amount_3,data_col_75,data_col_76",67,C:\programs\700GB Cleaning Shi\Sample\Sorted\csv\schema\FILE_000543_620f8221_new.csv
FILE_000521_5baa8e20_new.csv,"id_internal,subscription_type,subscription_amount,extra_flag,company_id,verification_status,category_code,listing_type,slug,short_description,long_description,data_col_13,contact_first_name,contact_last_name,designation,data_col_17,data_col_18,data_col_19,email_1,email_2,data_col_22,data_col_23,company_name,country,country_code,address_line_1,address_line_2,city,locality,data_col_31,state_id,state,city_id,pincode,website,country_dial_code,area_code,landline_1,data_col_40,amount,mobile_1,mobile_2,phone_number,amount_1,data_col_47,data_col_48,amount_2,data_col_50,data_col_51,data_col_52,verification_method,trust_score,indiamart_url,phone_number_1,phone_number_2,data_col_58,data_col_59,phone_number_3,phone_number_4,data_col_64,data_col_65,phone_number_5,data_col_67,data_col_68,data_col_69,data_col_70,data_col_71,data_col_72,data_col_73,amount_3,data_col_75,data_col_76",72,C:\programs\700GB Cleaning Shi\Sample\Sorted\csv\schema\FILE_000521_5baa8e20_new.csv
FILE_000496_f3af7acf_new.csv,"id_internal,subscription_type,subscription_amount,extra_flag,company_id,verification_status,category_code,listing_type,slug,short_description,long_description,data_col_13,contact_first_name,contact_last_name,designation,data_col_17,data_col_18,data_col_19,email_1,email_2,data_col_22,data_col_23,company_name,country,country_code,address_line_1,address_line_2,city,locality,full_name,state_id,state,city_id,pincode,website,country_dial_code,area_code,landline_1,data_col_40,data_col_41,mobile_1,mobile_2,phone_number,amount,data_col_47,data_col_48,amount_1,data_col_51,data_col_52,verification_method,trust_score,indiamart_url,phone_number_1,data_col_57,data_col_58,data_col_59,phone_number_2,phone_number_3,data_col_64,data_col_65,phone_number_4,data_col_67,data_col_68,data_col_69,data_col_70,data_col_71,amount_2,data_col_73,amount_3,data_col_75",70,C:\programs\700GB Cleaning Shi\Sample\Sorted\csv\schema\FILE_000496_f3af7acf_new.csv
FILE_000809_beac8bc8_new.csv,"id_internal,subscription_type,subscription_amount,extra_flag,company_id,verification_status,category_code,listing_type,slug,short_description,long_description,data_col_13,contact_first_name,contact_last_name,designation,data_col_17,data_col_18,data_col_19,email_1,email_2,data_col_22,data_col_23,company_name,country,country_code,address_line_1,address_line_2,city,locality,data_col_31,state_id,state,city_id,pincode,website,country_dial_code,area_code,landline_1,data_col_41,mobile_1,mobile_2,phone_number,amount,data_col_47,data_col_48,amount_1,verification_method,trust_score,indiamart_url,phone_number_1,data_col_57,phone_number_2,phone_number_3,data_col_64,phone_number_4,data_col_67,data_col_68,url,data_col_70,data_col_71,amount_2,data_col_73,amount_3,data_col_75",64,C:\programs\700GB Cleaning Shi\Sample\Sorted\csv\schema\FILE_000809_beac8bc8_new.csv
FILE_000421_e070b050_new.csv,"id_internal,subscription_type,subscription_amount,extra_flag,company_id,verification_status,category_code,listing_type,slug,short_description,long_description,data_col_13,contact_first_name,contact_last_name,designation,data_col_17,data_col_18,data_col_19,email_1,email_2,data_col_22,data_col_23,company_name,country,country_code,address_line_1,address_line_2,city,locality,data_col_31,state_id,state,city_id,pincode,website,country_dial_code,area_code,landline_1,data_col_40,amount,mobile_1,mobile_2,phone_number,amount_1,data_col_46,amount_2,id,amount_3,data_col_50,data_col_51,verification_method,trust_score,indiamart_url,phone_number_1,phone_number_2,data_col_58,phone_number_3,phone_number_4,phone_number_5,data_col_65,phone_number_6,data_col_67,data_col_68,url,data_col_70,data_col_71,data_col_72,data_col_73,amount_4,data_col_75",70,C:\programs\700GB Cleaning Shi\Sample\Sorted\csv\schema\FILE_000421_e070b050_new.csv
FILE_000644_1543c9ad_new.csv,"id_internal,subscription_type,subscription_amount,extra_flag,company_id,verification_status,category_code,listing_type,slug,short_description,long_description,data_col_13,contact_first_name,contact_last_name,designation,data_col_17,data_col_18,data_col_19,email_1,email_2,data_col_22,data_col_23,company_name,country,country_code,address_line_1,address_line_2,city,locality,full_name,state_id,state,city_id,pincode,website,country_dial_code,area_code,landline_1,data_col_40,data_col_41,mobile_1,mobile_2,phone_number,amount,data_col_47,data_col_48,amount_1,verification_method,trust_score,indiamart_url,phone_number_1,data_col_57,phone_number_2,phone_number_3,data_col_64,phone_number_4,data_col_67,data_col_68,data_col_69,data_col_70,data_col_71,amount_2,data_col_73,amount_3,data_col_75",65,C:\programs\700GB Cleaning Shi\Sample\Sorted\csv\schema\FILE_000644_1543c9ad_new.csv
FILE_000526_ea5e9c3a_new.csv,"id_internal,subscription_type,subscription_amount,extra_flag,company_id,verification_status,category_code,listing_type,slug,short_description,long_description,data_col_13,contact_first_name,contact_last_name,designation,data_col_17,data_col_18,data_col_19,email_1,email_2,data_col_22,data_col_23,company_name,country,country_code,address_line_1,address_line_2,city,locality,data_col_31,state_id,state,city_id,pincode,website,country_dial_code,area_code,landline_1,data_col_41,mobile_1,mobile_2,phone_number,amount,amount_1,phone_number_1,amount_2,data_col_50,data_col_51,verification_method,trust_score,indiamart_url,phone_number_2,data_col_57,phone_number_3,phone_number_4,phone_number_5,data_col_65,phone_number_6,data_col_67,data_col_68,url,data_col_70,data_col_71,amount_3,data_col_73,amount_4,data_col_75",67,C:\programs\700GB Cleaning Shi\Sample\Sorted\csv\schema\FILE_000526_ea5e9c3a_new.csv
FILE_000574_82e7b7c2_new.csv,"id_internal,subscription_type,subscription_amount,extra_flag,company_id,verification_status,category_code,listing_type,slug,short_description,long_description,data_col_13,contact_first_name,contact_last_name,designation,data_col_17,data_col_18,data_col_19,email_1,email_2,data_col_22,data_col_23,company_name,country,country_code,address_line_1,address_line_2,city,locality,full_name,state_id,state,city_id,pincode,website,country_dial_code,area_code,landline_1,data_col_40,amount,mobile_1,mobile_2,phone_number,amount_1,data_col_46,data_col_47,data_col_48,amount_2,data_col_50,data_col_51,data_col_52,verification_method,trust_score,indiamart_url,phone_number_1,phone_number_2,phone_number_3,phone_number_4,data_col_63,data_col_64,data_col_65,phone_number_5,data_col_67,data_col_68,url,data_col_70,data_col_71,data_col_72,data_col_73,amount_3,data_col_75",71,C:\programs\700GB Cleaning Shi\Sample\Sorted\csv\schema\FILE_000574_82e7b7c2_new.csv
FILE_000528_b944f8c4_new.csv,"id_internal,subscription_type,subscription_amount,extra_flag,company_id,verification_status,category_code,listing_type,slug,short_description,long_description,data_col_13,contact_first_name,contact_last_name,designation,data_col_17,data_col_18,data_col_19,email_1,email_2,company_name,country,country_code,address_line_1,address_line_2,city,locality,data_col_31,state_id,state,city_id,pincode,website,country_dial_code,area_code,landline_1,data_col_41,mobile_1,mobile_2,phone_number,amount,data_col_47,data_col_48,amount_1,verification_method,trust_score,indiamart_url,data_col_56,data_col_57,phone_number_1,phone_number_2,data_col_64,phone_number_3,data_col_67,data_col_68,data_col_69,data_col_70,data_col_71,data_col_72,data_col_73,amount_2,data_col_75",62,C:\programs\700GB Cleaning Shi\Sample\Sorted\csv\schema\FILE_000528_b944f8c4_new.csv
FILE_000590_bdd59e45_new.csv,"id_internal,subscription_type,subscription_amount,extra_flag,company_id,verification_status,category_code,listing_type,slug,short_description,long_description,data_col_13,contact_first_name,contact_last_name,designation,data_col_17,data_col_18,data_col_19,email_1,email_2,data_col_23,company_name,country,country_code,address_line_1,address_line_2,city,locality,data_col_31,state_id,state,city_id,pincode,website,country_dial_code,area_code,landline_1,data_col_40,data_col_41,mobile_1,mobile_2,phone_number,amount,data_col_46,amount_1,phone_number_1,amount_2,data_col_50,data_col_51,data_col_52,verification_method,trust_score,indiamart_url,data_col_56,data_col_57,data_col_58,data_col_59,phone_number_2,phone_number_3,data_col_63,phone_number_4,phone_number_5,data_col_67,data_col_68,data_col_69,data_col_70,data_col_71,amount_3,data_col_73,amount_4,data_col_75",71,C:\programs\700GB Cleaning Shi\Sample\Sorted\csv\schema\FILE_000590_bdd59e45_new.csv
FILE_000539_53340511_new.csv,"id_internal,subscription_type,subscription_amount,extra_flag,company_id,verification_status,category_code,listing_type,slug,short_description,long_description,data_col_13,contact_first_name,contact_last_name,designation,data_col_17,data_col_18,data_col_19,email_1,email_2,data_col_22,company_name,country,country_code,address_line_1,address_line_2,city,locality,data_col_31,state_id,state,city_id,pincode,website,country_dial_code,area_code,landline_1,amount,mobile_1,mobile_2,phone_number,amount_1,data_col_46,amount_2,id,amount_3,amount_4,id_1,data_col_52,verification_method,trust_score,indiamart_url,phone_number_1,phone_number_2,data_col_58,data_col_59,phone_number_3,phone_number_4,data_col_63,phone_number_5,phone_number_6,phone_number_7,data_col_67,data_col_68,url,data_col_70,data_col_71,amount_5,data_col_73,amount_6,data_col_75",71,C:\programs\700GB Cleaning Shi\Sample\Sorted\csv\schema\FILE_000539_53340511_new.csv
FILE_000525_c8646160_new.csv,"id_internal,subscription_type,subscription_amount,extra_flag,company_id,verification_status,category_code,listing_type,slug,short_description,long_description,data_col_13,contact_first_name,contact_last_name,designation,data_col_17,data_col_18,data_col_19,email_1,email_2,data_col_22,data_col_23,company_name,country,country_code,address_line_1,address_line_2,city,locality,data_col_31,state_id,state,city_id,pincode,website,country_dial_code,area_code,landline_1,data_col_40,data_col_41,mobile_1,mobile_2,phone_number,amount,amount_1,phone_number_1,amount_2,data_col_50,data_col_51,verification_method,trust_score,indiamart_url,phone_number_2,data_col_57,phone_number_3,phone_number_4,phone_number_5,data_col_65,phone_number_6,data_col_67,data_col_68,url,data_col_70,data_col_71,data_col_72,data_col_73,amount_3,data_col_75",68,C:\programs\700GB Cleaning Shi\Sample\Sorted\csv\schema\FILE_000525_c8646160_new.csv
FILE_000619_50af6941_new.csv,"id_internal,subscription_type,subscription_amount,extra_flag,company_id,verification_status,category_code,listing_type,slug,short_description,long_description,data_col_13,contact_first_name,contact_last_name,designation,data_col_17,data_col_18,data_col_19,email_1,email_2,data_col_22,data_col_23,company_name,country,country_code,address_line_1,address_line_2,city,locality,data_col_31,state_id,state,city_id,pincode,website,country_dial_code,area_code,landline_1,data_col_40,data_col_41,mobile_1,mobile_2,phone_number,amount,data_col_46,data_col_47,data_col_48,amount_1,data_col_50,data_col_51,data_col_52,verification_method,trust_score,indiamart_url,phone_number_1,data_col_57,data_col_58,data_col_59,phone_number_2,phone_number_3,data_col_62,data_col_63,data_col_64,phone_number_4,data_col_67,data_col_68,data_col_69,data_col_70,data_col_71,amount_2,data_col_73,amount_3,data_col_75",73,C:\programs\700GB Cleaning Shi\Sample\Sorted\csv\schema\FILE_000619_50af6941_new.csv
FILE_000879_0b3dbb4e_new.csv,"id_internal,subscription_type,subscription_amount,extra_flag,company_id,verification_status,category_code,listing_type,slug,short_description,long_description,data_col_13,contact_first_name,contact_last_name,designation,data_col_17,data_col_18,data_col_19,email_1,email_2,data_col_22,data_col_23,company_name,country,country_code,address_line_1,address_line_2,city,locality,data_col_31,state_id,state,city_id,pincode,website,country_dial_code,area_code,landline_1,data_col_41,mobile_1,mobile_2,phone_number,amount,data_col_47,data_col_48,amount_1,data_col_50,data_col_51,verification_method,trust_score,indiamart_url,phone_number_1,data_col_57,phone_number_2,phone_number_3,data_col_64,data_col_65,phone_number_4,data_col_67,data_col_68,data_col_69,data_col_70,data_col_71,data_col_72,data_col_73,amount_2,data_col_75",67,C:\programs\700GB Cleaning Shi\Sample\Sorted\csv\schema\FILE_000879_0b3dbb4e_new.csv
FILE_000813_fb6e6d9f_new.csv,"id_internal,subscription_type,subscription_amount,extra_flag,company_id,verification_status,category_code,listing_type,slug,short_description,long_description,data_col_13,contact_first_name,contact_last_name,designation,data_col_17,data_col_18,data_col_19,email_1,email_2,data_col_22,data_col_23,company_name,country,country_code,address_line_1,address_line_2,city,locality,data_col_31,state_id,state,city_id,pincode,website,country_dial_code,area_code,landline_1,data_col_41,mobile_1,mobile_2,phone_number,amount,data_col_47,data_col_48,amount_1,data_col_51,verification_method,trust_score,indiamart_url,phone_number_1,data_col_57,phone_number_2,phone_number_3,data_col_64,data_col_65,phone_number_4,data_col_67,data_col_68,url,data_col_70,data_col_71,data_col_72,data_col_73,amount_2,data_col_75",66,C:\programs\700GB Cleaning Shi\Sample\Sorted\csv\schema\FILE_000813_fb6e6d9f_new.csv
FILE_000749_8966d2f9_new.csv,"id_internal,subscription_type,subscription_amount,extra_flag,company_id,verification_status,category_code,listing_type,slug,short_description,long_description,data_col_13,contact_first_name,contact_last_name,designation,data_col_17,data_col_18,data_col_19,email_1,email_2,data_col_22,data_col_23,company_name,country,country_code,address_line_1,address_line_2,city,locality,data_col_31,state_id,state,city_id,pincode,website,country_dial_code,area_code,landline_1,data_col_41,mobile_1,mobile_2,phone_number,amount,data_col_47,data_col_48,amount_1,data_col_50,data_col_51,verification_method,trust_score,indiamart_url,phone_number_1,data_col_57,phone_number_2,phone_number_3,data_col_64,data_col_65,phone_number_4,data_col_67,data_col_68,data_col_69,data_col_70,data_col_71,data_col_72,data_col_73,amount_2,data_col_75",67,C:\programs\700GB Cleaning Shi\Sample\Sorted\csv\schema\FILE_000749_8966d2f9_new.csv
FILE_000753_f0d1bfef_new.csv,"id_internal,subscription_type,subscription_amount,extra_flag,company_id,verification_status,category_code,listing_type,slug,short_description,long_description,data_col_13,contact_first_name,contact_last_name,designation,data_col_17,data_col_18,data_col_19,email_1,email_2,data_col_22,data_col_23,company_name,country,country_code,address_line_1,address_line_2,city,locality,data_col_31,state_id,state,city_id,pincode,website,country_dial_code,area_code,landline_1,mobile_2,phone_number,amount,data_col_47,amount_1,data_col_50,data_col_51,verification_method,trust_score,indiamart_url,data_col_56,data_col_57,phone_number_1,phone_number_2,data_col_62,phone_number_3,data_col_67,data_col_68,data_col_69,data_col_70,data_col_71,amount_2,amount_3,data_col_76",62,C:\programs\700GB Cleaning Shi\Sample\Sorted\csv\schema\FILE_000753_f0d1bfef_new.csv
FILE_000597_fef7328c_new.csv,"id_internal,subscription_type,subscription_amount,extra_flag,company_id,verification_status,category_code,listing_type,slug,short_description,long_description,data_col_13,contact_first_name,contact_last_name,designation,data_col_17,data_col_18,data_col_19,email_1,email_2,company_name,country,country_code,address_line_1,address_line_2,city,locality,data_col_31,state_id,state,city_id,pincode,website,country_dial_code,area_code,landline_1,mobile_2,phone_number,amount,data_col_47,data_col_48,amount_1,verification_method,trust_score,indiamart_url,phone_number_1,phone_number_2,phone_number_3,data_col_64,phone_number_4,data_col_67,data_col_68,data_col_69,data_col_70,data_col_71,amount_2,amount_3",57,C:\programs\700GB Cleaning Shi\Sample\Sorted\csv\schema\FILE_000597_fef7328c_new.csv
FILE_001060_9e95084a_new.csv,"id_internal,subscription_type,subscription_amount,extra_flag,company_id,verification_status,category_code,listing_type,slug,short_description,long_description,data_col_13,contact_first_name,contact_last_name,designation,data_col_17,data_col_18,data_col_19,email_1,email_2,data_col_22,data_col_23,company_name,country,country_code,address_line_1,address_line_2,city,locality,data_col_31,state_id,state,city_id,pincode,website,country_dial_code,area_code,landline_1,data_col_40,amount,mobile_1,mobile_2,phone_number,amount_1,data_col_46,data_col_47,data_col_48,amount_2,data_col_50,data_col_51,data_col_52,verification_method,trust_score,indiamart_url,phone_number_1,phone_number_2,data_col_58,phone_number_3,phone_number_4,data_col_62,data_col_63,data_col_64,data_col_65,phone_number_5,data_col_67,data_col_68,url,data_col_70,data_col_71,amount_3,data_col_73,amount_4,data_col_75,data_col_76",74,C:\programs\700GB Cleaning Shi\Sample\Sorted\csv\schema\FILE_001060_9e95084a_new.csv
FILE_000885_690c494a_new.csv,"id_internal,subscription_type,subscription_amount,extra_flag,company_id,verification_status,category_code,listing_type,slug,short_description,long_description,data_col_13,contact_first_name,contact_last_name,designation,data_col_17,data_col_18,data_col_19,email_1,email_2,data_col_22,data_col_23,company_name,country,country_code,address_line_1,address_line_2,city,locality,data_col_31,state_id,state,city_id,pincode,website,country_dial_code,area_code,landline_1,amount,mobile_1,mobile_2,phone_number,amount_1,data_col_47,data_col_48,amount_2,data_col_50,data_col_51,verification_method,trust_score,indiamart_url,phone_number_1,phone_number_2,phone_number_3,phone_number_4,data_col_64,data_col_65,phone_number_5,data_col_67,data_col_68,url,data_col_70,data_col_71,amount_3,data_col_73,amount_4,data_col_75",67,C:\programs\700GB Cleaning Shi\Sample\Sorted\csv\schema\FILE_000885_690c494a_new.csv
FILE_000582_3f079bea_new.csv,"id_internal,subscription_type,subscription_amount,extra_flag,company_id,verification_status,category_code,listing_type,slug,short_description,long_description,data_col_13,contact_first_name,contact_last_name,designation,data_col_17,data_col_18,data_col_19,email_1,email_2,data_col_22,data_col_23,company_name,country,country_code,address_line_1,address_line_2,city,locality,data_col_31,state_id,state,city_id,pincode,website,country_dial_code,area_code,landline_1,data_col_41,mobile_1,mobile_2,phone_number,amount,data_col_47,data_col_48,amount_1,verification_method,trust_score,indiamart_url,phone_number_1,data_col_57,phone_number_2,phone_number_3,data_col_64,phone_number_4,data_col_67,data_col_68,url,data_col_70,data_col_71,amount_2,data_col_73,amount_3,data_col_75",64,C:\programs\700GB Cleaning Shi\Sample\Sorted\csv\schema\FILE_000582_3f079bea_new.csv
FILE_000887_76c42d60_new.csv,"id_internal,subscription_type,subscription_amount,extra_flag,company_id,verification_status,category_code,listing_type,slug,short_description,long_description,data_col_13,contact_first_name,contact_last_name,designation,data_col_17,data_col_18,data_col_19,email_1,email_2,company_name,country,country_code,address_line_1,address_line_2,city,locality,data_col_31,state_id,state,city_id,pincode,website,country_dial_code,area_code,landline_1,data_col_40,data_col_41,mobile_1,mobile_2,phone_number,amount,data_col_47,data_col_48,amount_1,data_col_50,verification_method,trust_score,indiamart_url,phone_number_1,data_col_57,data_col_58,data_col_59,phone_number_2,phone_number_3,data_col_64,data_col_65,phone_number_4,data_col_67,data_col_68,url,data_col_70,data_col_71,data_col_72,data_col_73,amount_2,data_col_75",67,C:\programs\700GB Cleaning Shi\Sample\Sorted\csv\schema\FILE_000887_76c42d60_new.csv
FILE_001062_96da1e0a_new.csv,"id_internal,subscription_type,subscription_amount,extra_flag,company_id,verification_status,category_code,listing_type,slug,short_description,long_description,data_col_13,contact_first_name,contact_last_name,designation,data_col_17,data_col_18,data_col_19,email_1,email_2,data_col_22,company_name,country,country_code,address_line_1,address_line_2,city,locality,data_col_31,state_id,state,city_id,pincode,website,country_dial_code,area_code,landline_1,data_col_40,data_col_41,mobile_1,mobile_2,phone_number,amount,data_col_47,data_col_48,amount_1,data_col_50,data_col_51,verification_method,trust_score,indiamart_url,phone_number_1,data_col_57,data_col_58,data_col_59,phone_number_2,phone_number_3,data_col_64,data_col_65,phone_number_4,data_col_67,data_col_68,url,data_col_70,data_col_71,data_col_72,data_col_73,amount_2,data_col_75,data_col_76",70,C:\programs\700GB Cleaning Shi\Sample\Sorted\csv\schema\FILE_001062_96da1e0a_new.csv
FILE_000989_cafd97eb_new.csv,"id_internal,subscription_type,subscription_amount,extra_flag,company_id,verification_status,category_code,listing_type,slug,short_description,long_description,data_col_13,contact_first_name,contact_last_name,designation,data_col_17,data_col_18,data_col_19,email_1,email_2,company_name,country,country_code,address_line_1,address_line_2,city,locality,data_col_31,state_id,state,city_id,pincode,website,country_dial_code,area_code,landline_1,data_col_41,mobile_1,mobile_2,phone_number,amount,data_col_47,data_col_48,amount_1,verification_method,trust_score,indiamart_url,data_col_56,data_col_57,phone_number_1,phone_number_2,data_col_64,phone_number_3,data_col_67,data_col_68,data_col_69,data_col_70,data_col_71,amount_2,amount_3,data_col_75",61,C:\programs\700GB Cleaning Shi\Sample\Sorted\csv\schema\FILE_000989_cafd97eb_new.csv
FILE_000882_9c3147ad_new.csv,"id_internal,subscription_type,subscription_amount,extra_flag,company_id,verification_status,category_code,listing_type,slug,short_description,long_description,data_col_13,contact_first_name,contact_last_name,designation,data_col_17,data_col_18,data_col_19,email_1,email_2,data_col_22,data_col_23,company_name,country,country_code,address_line_1,address_line_2,city,locality,full_name,state_id,state,city_id,pincode,website,country_dial_code,area_code,landline_1,data_col_40,amount,mobile_1,mobile_2,phone_number,amount_1,data_col_46,amount_2,phone_number_1,amount_3,data_col_50,data_col_51,data_col_52,verification_method,trust_score,indiamart_url,phone_number_2,phone_number_3,data_col_58,data_col_59,phone_number_4,phone_number_5,phone_number_6,phone_number_7,data_col_67,data_col_68,data_col_69,data_col_70,data_col_71,data_col_72,data_col_73,amount_4,data_col_75",71,C:\programs\700GB Cleaning Shi\Sample\Sorted\csv\schema\FILE_000882_9c3147ad_new.csv
FILE_001066_4772c76c_new.csv,"id_internal,subscription_type,subscription_amount,extra_flag,company_id,verification_status,category_code,listing_type,slug,short_description,long_description,data_col_13,contact_first_name,contact_last_name,designation,data_col_17,data_col_18,data_col_19,email_1,email_2,data_col_22,data_col_23,company_name,country,country_code,address_line_1,address_line_2,city,locality,data_col_31,state_id,state,city_id,pincode,website,country_dial_code,area_code,landline_1,data_col_40,data_col_41,mobile_1,mobile_2,phone_number,amount,data_col_46,data_col_47,data_col_48,amount_1,data_col_50,data_col_51,verification_method,trust_score,indiamart_url,phone_number_1,data_col_57,data_col_59,phone_number_2,phone_number_3,data_col_63,data_col_64,data_col_65,phone_number_4,data_col_67,data_col_68,url,data_col_70,data_col_71,data_col_72,data_col_73,amount_2,data_col_75",71,C:\programs\700GB Cleaning Shi\Sample\Sorted\csv\schema\FILE_001066_4772c76c_new.csv
FILE_000972_8e9c0810_new.csv,"id_internal,subscription_type,subscription_amount,extra_flag,company_id,verification_status,category_code,listing_type,slug,short_description,long_description,contact_first_name,contact_last_name,designation,data_col_17,data_col_18,data_col_19,email_1,email_2,company_name,country,country_code,address_line_1,address_line_2,city,locality,data_col_31,state_id,state,city_id,pincode,website,country_dial_code,area_code,landline_1,data_col_41,mobile_1,mobile_2,phone_number,amount,data_col_47,data_col_48,amount_1,data_col_50,data_col_51,verification_method,trust_score,indiamart_url,phone_number_1,data_col_57,phone_number_2,phone_number_3,data_col_64,data_col_65,phone_number_4,data_col_67,data_col_68,url,data_col_70,data_col_71,data_col_72,amount_2,data_col_75",63,C:\programs\700GB Cleaning Shi\Sample\Sorted\csv\schema\FILE_000972_8e9c0810_new.csv
FILE_001011_f037d411_new.csv,"id_internal,subscription_type,subscription_amount,extra_flag,company_id,verification_status,category_code,listing_type,slug,short_description,long_description,data_col_13,contact_first_name,contact_last_name,designation,data_col_17,data_col_18,data_col_19,email_1,email_2,company_name,country,country_code,address_line_1,address_line_2,city,locality,data_col_31,state_id,state,city_id,pincode,website,country_dial_code,area_code,landline_1,data_col_40,data_col_41,mobile_2,phone_number,amount,data_col_47,amount_1,data_col_50,data_col_51,verification_method,trust_score,indiamart_url,data_col_56,data_col_57,data_col_58,data_col_59,phone_number_1,phone_number_2,data_col_62,data_col_66,data_col_67,data_col_68,data_col_69,data_col_70,amount_2,data_col_76",62,C:\programs\700GB Cleaning Shi\Sample\Sorted\csv\schema\FILE_001011_f037d411_new.csv
FILE_000995_41636c0d_new.csv,"id_internal,subscription_type,subscription_amount,extra_flag,company_id,verification_status,category_code,listing_type,slug,short_description,long_description,data_col_13,contact_first_name,contact_last_name,designation,data_col_17,data_col_18,data_col_19,email_1,email_2,company_name,country,country_code,address_line_1,address_line_2,city,locality,data_col_31,state_id,state,city_id,pincode,website,country_dial_code,area_code,landline_1,amount,mobile_1,mobile_2,phone_number,amount_1,amount_2,phone_number_1,amount_3,amount_4,phone_number_2,verification_method,trust_score,indiamart_url,phone_number_3,phone_number_4,phone_number_5,phone_number_6,phone_number_7,phone_number_8,phone_number_9,data_col_67,data_col_68,url,data_col_70,data_col_71,data_col_72,data_col_73,amount_5,data_col_75",65,C:\programs\700GB Cleaning Shi\Sample\Sorted\csv\schema\FILE_000995_41636c0d_new.csv
FILE_001059_30c9d9a4_new.csv,"id_internal,subscription_type,subscription_amount,extra_flag,company_id,verification_status,category_code,listing_type,slug,short_description,long_description,data_col_13,contact_first_name,contact_last_name,designation,data_col_17,data_col_18,data_col_19,email_1,email_2,data_col_22,data_col_23,company_name,country,country_code,address_line_1,address_line_2,city,locality,data_col_31,state_id,state,city_id,pincode,website,country_dial_code,area_code,landline_1,data_col_41,mobile_1,mobile_2,phone_number,amount,data_col_47,data_col_48,amount_1,data_col_50,data_col_51,verification_method,trust_score,indiamart_url,phone_number_1,data_col_57,phone_number_2,phone_number_3,data_col_64,data_col_65,phone_number_4,data_col_67,data_col_68,url,data_col_70,data_col_71,amount_2,data_col_73,amount_3,data_col_75",67,C:\programs\700GB Cleaning Shi\Sample\Sorted\csv\schema\FILE_001059_30c9d9a4_new.csv
FILE_001331_9b9b5ec0_new.csv,"id_internal,subscription_type,subscription_amount,extra_flag,company_id,verification_status,category_code,listing_type,slug,short_description,long_description,contact_first_name,contact_last_name,designation,data_col_18,data_col_19,email_1,email_2,company_name,country,country_code,address_line_1,address_line_2,city,locality,data_col_31,state_id,state,city_id,pincode,website,country_dial_code,area_code,landline_1,amount,mobile_1,mobile_2,phone_number,amount_1,amount_2,id,amount_3,data_col_50,data_col_51,verification_method,trust_score,indiamart_url,phone_number_1,phone_number_2,phone_number_3,phone_number_4,phone_number_5,data_col_65,phone_number_6,data_col_67,data_col_68,url,data_col_70,data_col_71,amount_4,data_col_73,amount_5,data_col_75",63,C:\programs\700GB Cleaning Shi\Sample\Sorted\csv\schema\FILE_001331_9b9b5ec0_new.csv
FILE_001422_f0851789_new.csv,"id_internal,subscription_type,subscription_amount,extra_flag,company_id,verification_status,category_code,listing_type,slug,short_description,long_description,data_col_13,contact_first_name,contact_last_name,designation,data_col_17,data_col_18,data_col_19,email_1,email_2,company_name,country,country_code,address_line_1,address_line_2,city,locality,data_col_31,state_id,state,city_id,pincode,website,country_dial_code,area_code,landline_1,data_col_41,mobile_1,mobile_2,phone_number,amount,data_col_47,data_col_48,amount_1,data_col_50,data_col_51,verification_method,trust_score,indiamart_url,phone_number_1,data_col_57,phone_number_2,phone_number_3,data_col_64,data_col_65,phone_number_4,data_col_67,data_col_68,url,data_col_70,data_col_71,amount_2,data_col_73,amount_3,data_col_75",65,C:\programs\700GB Cleaning Shi\Sample\Sorted\csv\schema\FILE_001422_f0851789_new.csv
FILE_001352_330d2d76_new.csv,"id_internal,subscription_type,subscription_amount,extra_flag,company_id,verification_status,category_code,listing_type,slug,short_description,long_description,data_col_13,contact_first_name,contact_last_name,designation,data_col_17,data_col_18,data_col_19,email_1,email_2,data_col_22,data_col_23,company_name,country,country_code,address_line_1,address_line_2,city,locality,data_col_31,state_id,state,city_id,pincode,website,country_dial_code,area_code,landline_1,data_col_40,data_col_41,mobile_1,mobile_2,phone_number,amount,data_col_47,data_col_48,amount_1,data_col_51,verification_method,trust_score,indiamart_url,phone_number_1,data_col_57,phone_number_2,phone_number_3,data_col_64,data_col_65,phone_number_4,data_col_67,data_col_68,url,data_col_70,data_col_71,data_col_72,amount_2,data_col_75",66,C:\programs\700GB Cleaning Shi\Sample\Sorted\csv\schema\FILE_001352_330d2d76_new.csv
FILE_001112_4af7f50b_new.csv,"id_internal,subscription_type,subscription_amount,extra_flag,company_id,verification_status,category_code,listing_type,slug,short_description,long_description,data_col_13,contact_first_name,contact_last_name,designation,data_col_17,data_col_18,data_col_19,email_1,email_2,company_name,country,country_code,address_line_1,address_line_2,city,locality,data_col_31,state_id,state,city_id,pincode,website,country_dial_code,area_code,landline_1,data_col_41,mobile_1,mobile_2,phone_number,amount,data_col_47,data_col_48,amount_1,data_col_50,data_col_51,verification_method,trust_score,indiamart_url,phone_number_1,data_col_57,phone_number_2,phone_number_3,data_col_64,data_col_65,phone_number_4,data_col_67,data_col_68,url,data_col_70,data_col_71,amount_2,data_col_73,amount_3,data_col_75",65,C:\programs\700GB Cleaning Shi\Sample\Sorted\csv\schema\FILE_001112_4af7f50b_new.csv
FILE_001484_40bc3e4d_new.csv,"id_internal,subscription_type,subscription_amount,extra_flag,company_id,verification_status,category_code,listing_type,slug,short_description,long_description,data_col_13,contact_first_name,contact_last_name,designation,data_col_17,data_col_18,data_col_19,email_1,email_2,data_col_22,data_col_23,company_name,country,country_code,address_line_1,address_line_2,city,locality,data_col_31,state_id,state,city_id,pincode,website,country_dial_code,area_code,landline_1,data_col_41,mobile_1,mobile_2,phone_number,amount,data_col_47,data_col_48,amount_1,verification_method,trust_score,indiamart_url,phone_number_1,data_col_57,phone_number_2,phone_number_3,data_col_64,phone_number_4,data_col_67,data_col_68,url,data_col_70,data_col_71,amount_2,amount_3",62,C:\programs\700GB Cleaning Shi\Sample\Sorted\csv\schema\FILE_001484_40bc3e4d_new.csv
FILE_001665_46deb413_new.csv,"data_col_0,pincode",2,C:\programs\700GB Cleaning Shi\Sample\Sorted\csv\schema\FILE_001665_46deb413_new.csv
FILE_001666_81f58b39_new.csv,"id_internal,subscription_type,subscription_amount,extra_flag,company_id,verification_status,category_code,listing_type,slug,short_description,long_description,data_col_13,contact_first_name,contact_last_name,designation,data_col_17,data_col_18,data_col_19,email_1,email_2,data_col_22,data_col_23,company_name,country,country_code,address_line_1,address_line_2,city,locality,data_col_31,state_id,state,city_id,pincode,website,country_dial_code,area_code,landline_1,data_col_40,amount,mobile_1,mobile_2,phone_number,amount_1,data_col_46,amount_2,phone_number_1,amount_3,data_col_50,data_col_51,verification_method,trust_score,indiamart_url,phone_number_2,phone_number_3,data_col_58,phone_number_4,phone_number_5,phone_number_6,data_col_65,phone_number_7,data_col_67,data_col_68,data_col_69,data_col_70,data_col_71,amount_4,data_col_73,amount_5,data_col_75",70,C:\programs\700GB Cleaning Shi\Sample\Sorted\csv\schema\FILE_001666_81f58b39_new.csv
FILE_001479_15f54e1e_new.csv,"id_internal,subscription_type,subscription_amount,extra_flag,company_id,verification_status,category_code,listing_type,slug,short_description,long_description,data_col_13,contact_first_name,contact_last_name,designation,data_col_17,data_col_18,data_col_19,email_1,email_2,data_col_23,company_name,country,country_code,address_line_1,address_line_2,city,locality,data_col_31,state_id,state,city_id,pincode,website,country_dial_code,area_code,landline_1,data_col_40,amount,mobile_1,mobile_2,phone_number,amount_1,data_col_46,data_col_47,data_col_48,amount_2,data_col_50,data_col_51,data_col_52,verification_method,trust_score,indiamart_url,phone_number_1,phone_number_2,data_col_58,phone_number_3,phone_number_4,data_col_63,data_col_64,phone_number_5,data_col_67,data_col_68,url,data_col_70,data_col_71,data_col_72,data_col_73,amount_3,data_col_75",70,C:\programs\700GB Cleaning Shi\Sample\Sorted\csv\schema\FILE_001479_15f54e1e_new.csv
FILE_001585_c6c10be4_new.csv,"id_internal,subscription_type,subscription_amount,extra_flag,company_id,verification_status,category_code,listing_type,slug,short_description,long_description,data_col_13,contact_first_name,contact_last_name,designation,data_col_17,data_col_18,data_col_19,email_1,email_2,data_col_22,data_col_23,company_name,country,country_code,address_line_1,address_line_2,city,locality,data_col_31,state_id,state,city_id,pincode,website,country_dial_code,area_code,landline_1,data_col_40,amount,mobile_1,mobile_2,phone_number,amount_1,data_col_46,data_col_47,data_col_48,amount_2,data_col_50,data_col_51,verification_method,trust_score,indiamart_url,phone_number_1,phone_number_2,data_col_58,phone_number_3,phone_number_4,data_col_62,data_col_63,data_col_64,data_col_65,phone_number_5,data_col_67,data_col_68,data_col_69,data_col_70,data_col_71,data_col_72,amount_3,data_col_75,data_col_76",72,C:\programs\700GB Cleaning Shi\Sample\Sorted\csv\schema\FILE_001585_c6c10be4_new.csv
FILE_001056_5f1b9297_new.csv,"id_internal,subscription_type,subscription_amount,extra_flag,company_id,verification_status,category_code,listing_type,slug,short_description,long_description,data_col_13,contact_first_name,contact_last_name,designation,data_col_17,data_col_18,data_col_19,email_1,email_2,data_col_22,data_col_23,company_name,country,country_code,address_line_1,address_line_2,city,locality,data_col_31,state_id,state,city_id,pincode,website,country_dial_code,area_code,landline_1,data_col_41,mobile_1,mobile_2,phone_number,amount,data_col_47,data_col_48,amount_1,data_col_50,data_col_51,verification_method,trust_score,indiamart_url,phone_number_1,data_col_57,phone_number_2,phone_number_3,data_col_64,data_col_65,phone_number_4,data_col_67,data_col_68,data_col_69,data_col_70,data_col_71,amount_2,data_col_73,amount_3,data_col_75",67,C:\programs\700GB Cleaning Shi\Sample\Sorted\csv\schema\FILE_001056_5f1b9297_new.csv
FILE_001594_634ad74c_new.csv,"id_internal,subscription_type,subscription_amount,extra_flag,company_id,verification_status,category_code,listing_type,slug,short_description,long_description,data_col_13,contact_first_name,contact_last_name,designation,data_col_17,data_col_18,data_col_19,email_1,email_2,data_col_22,data_col_23,company_name,country,country_code,address_line_1,address_line_2,city,locality,data_col_31,state_id,state,city_id,pincode,website,country_dial_code,area_code,landline_1,data_col_41,mobile_1,mobile_2,phone_number,amount,data_col_47,data_col_48,amount_1,data_col_50,data_col_51,verification_method,trust_score,indiamart_url,phone_number_1,data_col_57,phone_number_2,phone_number_3,data_col_64,data_col_65,phone_number_4,data_col_67,data_col_68,url,data_col_70,data_col_71,data_col_72,data_col_73,amount_2,data_col_75",67,C:\programs\700GB Cleaning Shi\Sample\Sorted\csv\schema\FILE_001594_634ad74c_new.csv
FILE_001668_fca97646_new.csv,"id_internal,subscription_type,subscription_amount,extra_flag,company_id,verification_status,category_code,listing_type,slug,short_description,long_description,contact_first_name,contact_last_name,designation,data_col_18,data_col_19,email_1,email_2,company_name,country,country_code,address_line_1,address_line_2,city,locality,data_col_31,state_id,state,city_id,pincode,website,country_dial_code,area_code,landline_1,amount,mobile_1,mobile_2,phone_number,amount_1,amount_2,phone_number_1,amount_3,verification_method,trust_score,indiamart_url,phone_number_2,phone_number_3,phone_number_4,phone_number_5,phone_number_6,phone_number_7,data_col_67,data_col_68,data_col_69,data_col_70,data_col_71,data_col_72,data_col_73,amount_4,data_col_75",60,C:\programs\700GB Cleaning Shi\Sample\Sorted\csv\schema\FILE_001668_fca97646_new.csv
FILE_001672_7bfdbefb_new.csv,"id_internal,subscription_type,subscription_amount,extra_flag,company_id,verification_status,category_code,listing_type,slug,short_description,long_description,data_col_13,contact_first_name,contact_last_name,designation,data_col_18,data_col_19,email_1,email_2,company_name,country,country_code,address_line_1,address_line_2,city,locality,data_col_31,state_id,state,city_id,pincode,website,country_dial_code,area_code,landline_1,data_col_40,amount,mobile_1,mobile_2,phone_number,amount_1,data_col_47,data_col_48,amount_2,data_col_50,data_col_51,data_col_52,verification_method,trust_score,indiamart_url,phone_number_1,phone_number_2,data_col_58,data_col_59,phone_number_3,phone_number_4,data_col_64,data_col_65,phone_number_5,data_col_67,data_col_68,url,data_col_70,data_col_71,data_col_72,amount_3,data_col_75",67,C:\programs\700GB Cleaning Shi\Sample\Sorted\csv\schema\FILE_001672_7bfdbefb_new.csv
FILE_001677_27bd358b_new.csv,"id_internal,subscription_type,subscription_amount,extra_flag,company_id,verification_status,category_code,listing_type,slug,short_description,long_description,data_col_13,contact_first_name,contact_last_name,designation,data_col_17,data_col_18,data_col_19,email_1,email_2,data_col_22,data_col_23,company_name,country,country_code,address_line_1,address_line_2,city,locality,data_col_31,state_id,state,city_id,pincode,website,country_dial_code,area_code,landline_1,data_col_40,amount,mobile_1,mobile_2,phone_number,amount_1,data_col_46,amount_2,phone_number_1,amount_3,data_col_50,data_col_51,verification_method,trust_score,indiamart_url,phone_number_2,phone_number_3,data_col_58,phone_number_4,phone_number_5,data_col_62,phone_number_6,data_col_65,phone_number_7,data_col_67,data_col_68,data_col_69,data_col_70,data_col_71,amount_4,data_col_73,amount_5,data_col_75,data_col_76",72,C:\programs\700GB Cleaning Shi\Sample\Sorted\csv\schema\FILE_001677_27bd358b_new.csv
FILE_001690_9f7fc22b_new.csv,"id_internal,subscription_type,subscription_amount,extra_flag,company_id,verification_status,category_code,listing_type,slug,short_description,long_description,data_col_13,contact_first_name,contact_last_name,designation,data_col_17,data_col_18,data_col_19,email_1,email_2,company_name,country,country_code,address_line_1,address_line_2,city,locality,data_col_31,state_id,state,city_id,pincode,website,country_dial_code,area_code,landline_1,data_col_40,data_col_41,mobile_1,mobile_2,phone_number,amount,data_col_46,data_col_47,data_col_48,amount_1,data_col_50,data_col_51,data_col_52,verification_method,trust_score,indiamart_url,phone_number_1,data_col_57,data_col_58,data_col_59,phone_number_2,phone_number_3,data_col_62,data_col_64,data_col_65,phone_number_4,data_col_67,data_col_68,url,data_col_70,data_col_71,amount_2,data_col_73,amount_3,data_col_75",71,C:\programs\700GB Cleaning Shi\Sample\Sorted\csv\schema\FILE_001690_9f7fc22b_new.csv
FILE_001669_71bbdabf_new.csv,"id_internal,subscription_type,subscription_amount,extra_flag,company_id,verification_status,category_code,listing_type,slug,short_description,long_description,data_col_13,contact_first_name,contact_last_name,designation,data_col_17,data_col_18,data_col_19,email_1,email_2,data_col_22,data_col_23,company_name,country,country_code,address_line_1,address_line_2,city,locality,data_col_31,state_id,state,city_id,pincode,website,country_dial_code,area_code,landline_1,data_col_40,amount,mobile_1,mobile_2,phone_number,amount_1,data_col_46,amount_2,phone_number_1,amount_3,data_col_50,data_col_51,data_col_52,verification_method,trust_score,indiamart_url,phone_number_2,phone_number_3,data_col_58,data_col_59,phone_number_4,phone_number_5,data_col_62,data_col_63,phone_number_6,data_col_65,phone_number_7,data_col_67,data_col_68,data_col_69,data_col_70,data_col_71,data_col_72,data_col_73,amount_4,data_col_75,data_col_76",75,C:\programs\700GB Cleaning Shi\Sample\Sorted\csv\schema\FILE_001669_71bbdabf_new.csv
FILE_001670_10db644c_new.csv,"id_internal,subscription_type,subscription_amount,extra_flag,company_id,verification_status,category_code,listing_type,slug,short_description,long_description,data_col_13,contact_first_name,contact_last_name,designation,data_col_17,data_col_18,data_col_19,email_1,email_2,data_col_22,data_col_23,company_name,country,country_code,address_line_1,address_line_2,city,locality,data_col_31,state_id,state,city_id,pincode,website,country_dial_code,area_code,landline_1,data_col_40,amount,mobile_1,mobile_2,phone_number,amount_1,data_col_46,data_col_47,data_col_48,amount_2,data_col_50,data_col_51,verification_method,trust_score,indiamart_url,phone_number_1,phone_number_2,data_col_58,phone_number_3,phone_number_4,data_col_64,data_col_65,phone_number_5,data_col_67,data_col_68,data_col_69,data_col_70,data_col_71,amount_3,data_col_73,amount_4,data_col_75",70,C:\programs\700GB Cleaning Shi\Sample\Sorted\csv\schema\FILE_001670_10db644c_new.csv
FILE_001674_b58bb57c_new.csv,"id_internal,subscription_type,subscription_amount,extra_flag,company_id,verification_status,category_code,listing_type,slug,short_description,long_description,data_col_13,contact_first_name,contact_last_name,designation,data_col_17,data_col_18,data_col_19,email_1,email_2,data_col_22,data_col_23,company_name,country,country_code,address_line_1,address_line_2,city,locality,data_col_31,state_id,state,city_id,pincode,website,country_dial_code,area_code,landline_1,data_col_40,amount,mobile_1,mobile_2,phone_number,amount_1,data_col_46,data_col_47,data_col_48,amount_2,data_col_50,data_col_51,verification_method,trust_score,indiamart_url,phone_number_1,phone_number_2,data_col_58,phone_number_3,phone_number_4,data_col_64,data_col_65,phone_number_5,data_col_67,data_col_68,data_col_69,data_col_70,data_col_71,amount_3,data_col_73,amount_4,data_col_75,data_col_76",71,C:\programs\700GB Cleaning Shi\Sample\Sorted\csv\schema\FILE_001674_b58bb57c_new.csv
FILE_001680_b19ab2d6_new.csv,"id_internal,subscription_type,subscription_amount,extra_flag,company_id,verification_status,category_code,listing_type,slug,short_description,long_description,data_col_13,contact_first_name,contact_last_name,designation,data_col_17,data_col_18,data_col_19,email_1,email_2,data_col_22,data_col_23,company_name,country,country_code,address_line_1,address_line_2,city,locality,data_col_31,state_id,state,city_id,pincode,website,country_dial_code,area_code,landline_1,data_col_40,amount,mobile_1,mobile_2,phone_number,amount_1,data_col_47,data_col_48,amount_2,data_col_50,data_col_51,verification_method,trust_score,indiamart_url,phone_number_1,phone_number_2,data_col_59,phone_number_3,phone_number_4,data_col_64,data_col_65,phone_number_5,data_col_67,data_col_68,url,data_col_70,data_col_71,data_col_72,data_col_73,amount_3,data_col_75",69,C:\programs\700GB Cleaning Shi\Sample\Sorted\csv\schema\FILE_001680_b19ab2d6_new.csv
FILE_001676_80142550_new.csv,"id_internal,subscription_type,subscription_amount,extra_flag,company_id,verification_status,category_code,listing_type,slug,short_description,long_description,data_col_13,contact_first_name,contact_last_name,designation,data_col_17,data_col_18,data_col_19,email_1,email_2,data_col_22,data_col_23,company_name,country,country_code,address_line_1,address_line_2,city,locality,data_col_31,state_id,state,city_id,pincode,website,country_dial_code,area_code,landline_1,data_col_40,amount,mobile_1,mobile_2,phone_number,amount_1,data_col_46,amount_2,phone_number_1,amount_3,data_col_50,data_col_51,data_col_52,verification_method,trust_score,indiamart_url,phone_number_2,phone_number_3,data_col_58,data_col_59,phone_number_4,phone_number_5,data_col_62,data_col_63,phone_number_6,data_col_65,phone_number_7,data_col_67,data_col_68,data_col_69,data_col_70,data_col_71,data_col_72,data_col_73,amount_4,data_col_75,data_col_76",75,C:\programs\700GB Cleaning Shi\Sample\Sorted\csv\schema\FILE_001676_80142550_new.csv
FILE_001675_af484712_new.csv,"id_internal,subscription_type,subscription_amount,extra_flag,company_id,verification_status,category_code,listing_type,slug,short_description,long_description,data_col_13,contact_first_name,contact_last_name,designation,data_col_17,data_col_18,data_col_19,email_1,email_2,data_col_22,data_col_23,company_name,country,country_code,address_line_1,address_line_2,city,locality,data_col_31,state_id,state,city_id,pincode,website,country_dial_code,area_code,landline_1,data_col_40,amount,mobile_1,mobile_2,phone_number,amount_1,data_col_46,amount_2,phone_number_1,amount_3,amount_4,phone_number_2,verification_method,trust_score,indiamart_url,phone_number_3,phone_number_4,data_col_58,phone_number_5,phone_number_6,data_col_62,data_col_63,phone_number_7,phone_number_8,phone_number_9,data_col_67,data_col_68,url,data_col_70,data_col_71,amount_5,data_col_73,amount_6,data_col_75,data_col_76",73,C:\programs\700GB Cleaning Shi\Sample\Sorted\csv\schema\FILE_001675_af484712_new.csv
FILE_001673_bdb808f4_new.csv,"id_internal,subscription_type,subscription_amount,extra_flag,company_id,verification_status,category_code,listing_type,slug,short_description,long_description,data_col_13,contact_first_name,contact_last_name,designation,data_col_17,data_col_18,data_col_19,email_1,email_2,data_col_22,data_col_23,company_name,country,country_code,address_line_1,address_line_2,city,locality,data_col_31,state_id,state,city_id,pincode,website,country_dial_code,area_code,landline_1,amount,mobile_1,mobile_2,phone_number,amount_1,amount_2,phone_number_1,amount_3,amount_4,phone_number_2,verification_method,trust_score,indiamart_url,phone_number_3,phone_number_4,phone_number_5,phone_number_6,phone_number_7,phone_number_8,phone_number_9,data_col_67,data_col_68,url,data_col_70,data_col_71,data_col_72,data_col_73,amount_5,data_col_75",67,C:\programs\700GB Cleaning Shi\Sample\Sorted\csv\schema\FILE_001673_bdb808f4_new.csv
FILE_001682_3fd3b13a_new.csv,"id_internal,subscription_type,subscription_amount,extra_flag,company_id,verification_status,category_code,listing_type,slug,short_description,long_description,data_col_13,contact_first_name,contact_last_name,designation,data_col_17,data_col_18,data_col_19,email_1,email_2,data_col_22,data_col_23,company_name,country,country_code,address_line_1,address_line_2,city,locality,data_col_31,state_id,state,city_id,pincode,website,country_dial_code,area_code,landline_1,data_col_40,amount,mobile_1,mobile_2,phone_number,amount_1,data_col_46,amount_2,phone_number_1,amount_3,data_col_50,data_col_51,verification_method,trust_score,indiamart_url,phone_number_2,phone_number_3,phone_number_4,phone_number_5,data_col_62,phone_number_6,data_col_65,phone_number_7,data_col_67,data_col_68,url,data_col_70,data_col_71,amount_4,data_col_73,amount_5,data_col_75",70,C:\programs\700GB Cleaning Shi\Sample\Sorted\csv\schema\FILE_001682_3fd3b13a_new.csv
FILE_001683_2512646b_new.csv,"id_internal,subscription_type,subscription_amount,extra_flag,company_id,verification_status,category_code,listing_type,slug,short_description,long_description,data_col_13,contact_first_name,contact_last_name,designation,data_col_17,data_col_18,data_col_19,email_1,email_2,data_col_22,data_col_23,company_name,country,country_code,address_line_1,address_line_2,city,locality,data_col_31,state_id,state,city_id,pincode,website,country_dial_code,area_code,landline_1,data_col_40,data_col_41,mobile_1,mobile_2,phone_number,amount,data_col_46,data_col_47,data_col_48,amount_1,data_col_50,data_col_51,data_col_52,verification_method,trust_score,indiamart_url,phone_number_1,data_col_57,data_col_58,data_col_59,phone_number_2,phone_number_3,data_col_62,data_col_64,data_col_65,phone_number_4,data_col_67,data_col_68,url,data_col_70,data_col_71,data_col_72,data_col_73,amount_2,data_col_75,data_col_76",74,C:\programs\700GB Cleaning Shi\Sample\Sorted\csv\schema\FILE_001683_2512646b_new.csv
FILE_001686_4b6358d1_new.csv,"id_internal,subscription_type,subscription_amount,extra_flag,company_id,verification_status,category_code,listing_type,slug,short_description,long_description,data_col_13,contact_first_name,contact_last_name,designation,data_col_17,data_col_18,data_col_19,email_1,email_2,data_col_22,data_col_23,company_name,country,country_code,address_line_1,address_line_2,city,locality,data_col_31,state_id,state,city_id,pincode,website,country_dial_code,area_code,landline_1,data_col_40,amount,mobile_1,mobile_2,phone_number,amount_1,data_col_46,amount_2,phone_number_1,amount_3,amount_4,phone_number_2,verification_method,trust_score,indiamart_url,phone_number_3,phone_number_4,phone_number_5,phone_number_6,phone_number_7,phone_number_8,phone_number_9,data_col_67,data_col_68,data_col_69,data_col_70,data_col_71,data_col_72,data_col_73,amount_5,data_col_75",69,C:\programs\700GB Cleaning Shi\Sample\Sorted\csv\schema\FILE_001686_4b6358d1_new.csv
FILE_001687_6d41eadd_new.csv,"id_internal,subscription_type,subscription_amount,extra_flag,company_id,verification_status,category_code,listing_type,slug,short_description,long_description,data_col_13,contact_first_name,contact_last_name,designation,data_col_17,data_col_18,data_col_19,email_1,email_2,data_col_22,data_col_23,company_name,country,country_code,address_line_1,address_line_2,city,locality,data_col_31,state_id,state,city_id,pincode,website,country_dial_code,area_code,landline_1,data_col_40,amount,mobile_1,mobile_2,phone_number,amount_1,amount_2,phone_number_1,amount_3,data_col_50,data_col_51,verification_method,trust_score,indiamart_url,phone_number_2,phone_number_3,phone_number_4,phone_number_5,phone_number_6,data_col_65,phone_number_7,data_col_67,data_col_68,data_col_69,data_col_70,data_col_71,amount_4,data_col_73,amount_5,data_col_75",68,C:\programs\700GB Cleaning Shi\Sample\Sorted\csv\schema\FILE_001687_6d41eadd_new.csv
FILE_001688_057638d6_new.csv,"id_internal,subscription_type,subscription_amount,extra_flag,company_id,verification_status,category_code,listing_type,slug,short_description,long_description,data_col_13,contact_first_name,contact_last_name,designation,data_col_17,data_col_18,data_col_19,email_1,email_2,data_col_22,data_col_23,company_name,country,country_code,address_line_1,address_line_2,city,locality,data_col_31,state_id,state,city_id,pincode,website,country_dial_code,area_code,landline_1,data_col_40,amount,mobile_1,mobile_2,phone_number,amount_1,data_col_46,amount_2,phone_number_1,amount_3,data_col_50,data_col_51,data_col_52,verification_method,trust_score,indiamart_url,phone_number_2,phone_number_3,data_col_58,data_col_59,phone_number_4,phone_number_5,data_col_62,data_col_63,phone_number_6,data_col_65,phone_number_7,data_col_67,data_col_68,url,data_col_70,data_col_71,amount_4,data_col_73,amount_5,data_col_75,data_col_76",75,C:\programs\700GB Cleaning Shi\Sample\Sorted\csv\schema\FILE_001688_057638d6_new.csv
FILE_001681_84ae6256_new.csv,"id_internal,subscription_type,subscription_amount,extra_flag,company_id,verification_status,category_code,listing_type,slug,short_description,long_description,data_col_13,contact_first_name,contact_last_name,designation,data_col_17,data_col_18,data_col_19,email_1,email_2,data_col_22,data_col_23,company_name,country,country_code,address_line_1,address_line_2,city,locality,data_col_31,state_id,state,city_id,pincode,website,country_dial_code,area_code,landline_1,data_col_40,data_col_41,mobile_1,mobile_2,phone_number,amount,data_col_46,data_col_47,data_col_48,amount_1,data_col_50,data_col_51,verification_method,trust_score,indiamart_url,phone_number_1,data_col_57,data_col_58,phone_number_2,phone_number_3,data_col_62,data_col_64,data_col_65,phone_number_4,data_col_67,data_col_68,url,data_col_70,data_col_71,amount_2,data_col_73,amount_3,data_col_75",71,C:\programs\700GB Cleaning Shi\Sample\Sorted\csv\schema\FILE_001681_84ae6256_new.csv
FILE_001696_3375f36d_new.csv,"id_internal,subscription_type,subscription_amount,extra_flag,company_id,verification_status,category_code,listing_type,slug,short_description,long_description,data_col_13,contact_first_name,contact_last_name,designation,data_col_17,data_col_18,data_col_19,email_1,email_2,data_col_22,data_col_23,company_name,country,country_code,address_line_1,address_line_2,city,locality,data_col_31,state_id,state,city_id,pincode,website,country_dial_code,area_code,landline_1,data_col_40,data_col_41,mobile_1,mobile_2,phone_number,amount,data_col_46,data_col_47,data_col_48,amount_1,data_col_50,data_col_51,data_col_52,verification_method,trust_score,indiamart_url,phone_number_1,data_col_57,data_col_58,data_col_59,phone_number_2,phone_number_3,data_col_64,data_col_65,phone_number_4,data_col_67,data_col_68,url,data_col_70,data_col_71,data_col_72,data_col_73,amount_2,data_col_75",72,C:\programs\700GB Cleaning Shi\Sample\Sorted\csv\schema\FILE_001696_3375f36d_new.csv
FILE_001700_c59259d7_new.csv,"id_internal,subscription_type,subscription_amount,extra_flag,company_id,verification_status,category_code,listing_type,slug,short_description,long_description,data_col_13,contact_first_name,contact_last_name,designation,data_col_17,data_col_18,data_col_19,email_1,email_2,data_col_23,company_name,country,country_code,address_line_1,address_line_2,city,locality,data_col_31,state_id,state,city_id,pincode,website,country_dial_code,area_code,landline_1,data_col_41,mobile_1,mobile_2,phone_number,amount,data_col_46,data_col_47,data_col_48,amount_1,data_col_50,data_col_51,verification_method,trust_score,indiamart_url,phone_number_1,data_col_57,phone_number_2,phone_number_3,data_col_62,data_col_63,data_col_64,data_col_65,phone_number_4,data_col_67,data_col_68,data_col_69,data_col_70,data_col_71,data_col_72,data_col_73,amount_2,data_col_75,data_col_76",70,C:\programs\700GB Cleaning Shi\Sample\Sorted\csv\schema\FILE_001700_c59259d7_new.csv
FILE_001685_c9c5675b_new.csv,"id_internal,subscription_type,subscription_amount,extra_flag,company_id,verification_status,category_code,listing_type,slug,short_description,long_description,data_col_13,contact_first_name,contact_last_name,designation,data_col_17,data_col_18,data_col_19,email_1,email_2,data_col_22,data_col_23,company_name,country,country_code,address_line_1,address_line_2,city,locality,data_col_31,state_id,state,city_id,pincode,website,country_dial_code,area_code,landline_1,amount,mobile_1,mobile_2,phone_number,amount_1,amount_2,phone_number_1,amount_3,data_col_50,data_col_51,verification_method,trust_score,indiamart_url,phone_number_2,phone_number_3,phone_number_4,phone_number_5,phone_number_6,data_col_65,phone_number_7,data_col_67,data_col_68,data_col_69,data_col_70,data_col_71,data_col_72,data_col_73,amount_4,data_col_75",67,C:\programs\700GB Cleaning Shi\Sample\Sorted\csv\schema\FILE_001685_c9c5675b_new.csv
FILE_001699_4bbad3e4_new.csv,"id_internal,subscription_type,subscription_amount,extra_flag,company_id,verification_status,category_code,listing_type,slug,short_description,long_description,data_col_13,contact_first_name,contact_last_name,designation,data_col_17,data_col_18,data_col_19,email_1,email_2,data_col_22,data_col_23,company_name,country,country_code,address_line_1,address_line_2,city,locality,data_col_31,state_id,state,city_id,pincode,website,country_dial_code,area_code,landline_1,data_col_40,amount,mobile_1,mobile_2,phone_number,amount_1,data_col_46,amount_2,phone_number_1,amount_3,data_col_50,data_col_51,verification_method,trust_score,indiamart_url,phone_number_2,phone_number_3,phone_number_4,phone_number_5,phone_number_6,data_col_65,phone_number_7,data_col_67,data_col_68,url,data_col_70,data_col_71,data_col_72,data_col_73,amount_4,data_col_75",69,C:\programs\700GB Cleaning Shi\Sample\Sorted\csv\schema\FILE_001699_4bbad3e4_new.csv
FILE_001703_d4cc00e4_new.csv,"id_internal,subscription_type,subscription_amount,extra_flag,company_id,verification_status,category_code,listing_type,slug,short_description,long_description,data_col_13,contact_first_name,contact_last_name,designation,data_col_17,data_col_18,data_col_19,email_1,email_2,data_col_22,data_col_23,company_name,country,country_code,address_line_1,address_line_2,city,locality,data_col_31,state_id,state,city_id,pincode,website,country_dial_code,area_code,landline_1,data_col_40,data_col_41,mobile_1,mobile_2,phone_number,amount,amount_1,phone_number_1,amount_2,data_col_50,data_col_51,verification_method,trust_score,indiamart_url,phone_number_2,data_col_57,data_col_59,phone_number_3,phone_number_4,data_col_62,phone_number_5,data_col_65,phone_number_6,data_col_67,data_col_68,url,data_col_70,data_col_71,data_col_72,data_col_73,amount_3,data_col_75",70,C:\programs\700GB Cleaning Shi\Sample\Sorted\csv\schema\FILE_001703_d4cc00e4_new.csv
FILE_001763_0b1a76bd_new.csv,"id_internal,subscription_type,subscription_amount,extra_flag,company_id,verification_status,category_code,listing_type,slug,short_description,long_description,data_col_13,contact_first_name,contact_last_name,designation,data_col_17,data_col_18,data_col_19,email_1,email_2,data_col_22,data_col_23,company_name,country,country_code,address_line_1,address_line_2,city,locality,data_col_31,state_id,state,city_id,pincode,website,country_dial_code,area_code,landline_1,amount,mobile_1,mobile_2,phone_number,amount_1,amount_2,phone_number_1,amount_3,data_col_50,data_col_51,verification_method,trust_score,indiamart_url,phone_number_2,phone_number_3,phone_number_4,phone_number_5,phone_number_6,data_col_65,phone_number_7,data_col_67,data_col_68,url,data_col_70,data_col_71,amount_4,data_col_73,amount_5,data_col_75",67,C:\programs\700GB Cleaning Shi\Sample\Sorted\csv\schema\FILE_001763_0b1a76bd_new.csv
FILE_001735_e5aa1760_new.csv,"id_internal,subscription_type,subscription_amount,extra_flag,company_id,verification_status,category_code,listing_type,slug,short_description,long_description,data_col_13,contact_first_name,contact_last_name,designation,data_col_17,data_col_18,data_col_19,email_1,email_2,data_col_22,data_col_23,company_name,country,country_code,address_line_1,address_line_2,city,locality,data_col_31,state_id,state,city_id,pincode,website,country_dial_code,area_code,landline_1,data_col_41,mobile_1,mobile_2,phone_number,amount,data_col_47,data_col_48,amount_1,data_col_51,verification_method,trust_score,indiamart_url,phone_number_1,data_col_57,phone_number_2,phone_number_3,data_col_64,data_col_65,phone_number_4,data_col_67,data_col_68,url,data_col_70,data_col_71,amount_2,data_col_73,amount_3,data_col_75",66,C:\programs\700GB Cleaning Shi\Sample\Sorted\csv\schema\FILE_001735_e5aa1760_new.csv
FILE_001705_4cae2450_new.csv,"id_internal,subscription_type,subscription_amount,extra_flag,company_id,verification_status,category_code,listing_type,slug,short_description,long_description,data_col_13,contact_first_name,contact_last_name,designation,data_col_17,data_col_18,data_col_19,email_1,email_2,data_col_22,data_col_23,company_name,country,country_code,address_line_1,address_line_2,city,locality,data_col_31,state_id,state,city_id,pincode,website,country_dial_code,area_code,landline_1,data_col_40,amount,mobile_1,mobile_2,phone_number,amount_1,data_col_46,amount_2,phone_number_1,amount_3,data_col_50,data_col_51,data_col_52,verification_method,trust_score,indiamart_url,phone_number_2,phone_number_3,data_col_58,data_col_59,phone_number_4,phone_number_5,data_col_62,phone_number_6,data_col_65,phone_number_7,data_col_67,data_col_68,url,data_col_70,data_col_71,data_col_72,data_col_73,amount_4,data_col_75,data_col_76",74,C:\programs\700GB Cleaning Shi\Sample\Sorted\csv\schema\FILE_001705_4cae2450_new.csv
FILE_001689_2c8ccc6d_new.csv,"id_internal,subscription_type,subscription_amount,extra_flag,company_id,verification_status,category_code,listing_type,slug,short_description,long_description,data_col_13,contact_first_name,contact_last_name,designation,data_col_17,data_col_18,data_col_19,email_1,email_2,data_col_22,data_col_23,company_name,country,country_code,address_line_1,address_line_2,city,locality,data_col_31,state_id,state,city_id,pincode,website,country_dial_code,area_code,landline_1,data_col_40,amount,mobile_1,mobile_2,phone_number,amount_1,data_col_46,amount_2,phone_number_1,amount_3,data_col_50,data_col_51,data_col_52,verification_method,trust_score,indiamart_url,phone_number_2,phone_number_3,data_col_58,data_col_59,phone_number_4,phone_number_5,data_col_62,data_col_63,phone_number_6,data_col_65,phone_number_7,data_col_67,data_col_68,data_col_69,data_col_70,data_col_71,data_col_72,data_col_73,amount_4,data_col_75,data_col_76",75,C:\programs\700GB Cleaning Shi\Sample\Sorted\csv\schema\FILE_001689_2c8ccc6d_new.csv
FILE_001739_5cbfb74e_new.csv,"id_internal,subscription_type,subscription_amount,extra_flag,company_id,verification_status,category_code,listing_type,slug,short_description,long_description,data_col_13,contact_first_name,contact_last_name,designation,data_col_17,data_col_18,data_col_19,email_1,email_2,data_col_22,data_col_23,company_name,country,country_code,address_line_1,address_line_2,city,locality,full_name,state_id,state,city_id,pincode,website,country_dial_code,area_code,landline_1,data_col_41,mobile_1,mobile_2,phone_number,amount,data_col_47,data_col_48,amount_1,verification_method,trust_score,indiamart_url,phone_number_1,data_col_57,phone_number_2,phone_number_3,data_col_64,phone_number_4,data_col_67,data_col_68,data_col_69,data_col_70,data_col_71,data_col_72,amount_2,data_col_75",63,C:\programs\700GB Cleaning Shi\Sample\Sorted\csv\schema\FILE_001739_5cbfb74e_new.csv
FILE_001704_526759fa_new.csv,"id_internal,subscription_type,subscription_amount,extra_flag,company_id,verification_status,category_code,listing_type,slug,short_description,long_description,data_col_13,contact_first_name,contact_last_name,designation,data_col_17,data_col_18,data_col_19,email_1,email_2,data_col_22,data_col_23,company_name,country,country_code,address_line_1,address_line_2,city,locality,data_col_31,state_id,state,city_id,pincode,website,country_dial_code,area_code,landline_1,data_col_40,data_col_41,mobile_1,mobile_2,phone_number,amount,data_col_46,amount_1,phone_number_1,amount_2,amount_3,phone_number_2,data_col_52,verification_method,trust_score,indiamart_url,phone_number_3,data_col_57,data_col_58,data_col_59,phone_number_4,phone_number_5,data_col_62,data_col_63,phone_number_6,phone_number_7,phone_number_8,data_col_67,data_col_68,data_col_69,data_col_70,data_col_71,data_col_72,data_col_73,amount_4,data_col_75",74,C:\programs\700GB Cleaning Shi\Sample\Sorted\csv\schema\FILE_001704_526759fa_new.csv
FILE_001722_c5027b7b_new.csv,"id_internal,subscription_type,subscription_amount,extra_flag,company_id,verification_status,category_code,listing_type,slug,short_description,long_description,data_col_13,contact_first_name,contact_last_name,designation,data_col_17,data_col_18,data_col_19,email_1,email_2,data_col_22,data_col_23,company_name,country,country_code,address_line_1,address_line_2,city,locality,full_name,state_id,state,city_id,pincode,website,country_dial_code,area_code,landline_1,data_col_41,mobile_1,mobile_2,phone_number,amount,data_col_47,data_col_48,amount_1,data_col_50,data_col_51,data_col_52,verification_method,trust_score,indiamart_url,phone_number_1,data_col_57,data_col_59,phone_number_2,phone_number_3,data_col_64,data_col_65,phone_number_4,data_col_67,data_col_68,url,data_col_70,data_col_71,data_col_72,data_col_73,amount_2,data_col_75",69,C:\programs\700GB Cleaning Shi\Sample\Sorted\csv\schema\FILE_001722_c5027b7b_new.csv
FILE_001698_03ec8043_new.csv,"id_internal,subscription_type,subscription_amount,extra_flag,company_id,verification_status,category_code,listing_type,slug,short_description,long_description,data_col_13,contact_first_name,contact_last_name,designation,data_col_17,data_col_18,data_col_19,email_1,email_2,data_col_22,data_col_23,company_name,country,country_code,address_line_1,address_line_2,city,locality,data_col_31,state_id,state,city_id,pincode,website,country_dial_code,area_code,landline_1,data_col_40,amount,mobile_1,mobile_2,phone_number,amount_1,data_col_46,data_col_47,data_col_48,amount_2,data_col_50,data_col_51,verification_method,trust_score,indiamart_url,phone_number_1,phone_number_2,phone_number_3,phone_number_4,data_col_62,data_col_64,data_col_65,phone_number_5,data_col_67,data_col_68,data_col_69,data_col_70,data_col_71,amount_3,data_col_73,amount_4,data_col_75",70,C:\programs\700GB Cleaning Shi\Sample\Sorted\csv\schema\FILE_001698_03ec8043_new.csv
FILE_001692_5b083687_new.csv,"id_internal,subscription_type,subscription_amount,extra_flag,company_id,verification_status,category_code,listing_type,slug,short_description,long_description,data_col_13,contact_first_name,contact_last_name,designation,data_col_17,data_col_18,data_col_19,email_1,email_2,data_col_22,data_col_23,company_name,country,country_code,address_line_1,address_line_2,city,locality,data_col_31,state_id,state,city_id,pincode,website,country_dial_code,area_code,landline_1,data_col_40,amount,mobile_1,mobile_2,phone_number,amount_1,data_col_46,data_col_47,data_col_48,amount_2,data_col_50,data_col_51,verification_method,trust_score,indiamart_url,phone_number_1,phone_number_2,data_col_58,phone_number_3,phone_number_4,data_col_64,data_col_65,phone_number_5,data_col_67,data_col_68,url,data_col_70,data_col_71,data_col_72,data_col_73,amount_3,data_col_75",70,C:\programs\700GB Cleaning Shi\Sample\Sorted\csv\schema\FILE_001692_5b083687_new.csv
FILE_001730_0d7494dc_new.csv,"id_internal,subscription_type,subscription_amount,extra_flag,company_id,verification_status,category_code,listing_type,slug,short_description,long_description,data_col_13,contact_first_name,contact_last_name,designation,data_col_17,data_col_18,data_col_19,email_1,email_2,data_col_22,data_col_23,company_name,country,country_code,address_line_1,address_line_2,city,locality,data_col_31,state_id,state,city_id,pincode,website,country_dial_code,area_code,landline_1,data_col_40,amount,mobile_1,mobile_2,phone_number,amount_1,data_col_46,data_col_47,data_col_48,amount_2,data_col_50,data_col_51,verification_method,trust_score,indiamart_url,phone_number_1,phone_number_2,phone_number_3,phone_number_4,data_col_62,data_col_64,data_col_65,phone_number_5,data_col_67,data_col_68,url,data_col_70,data_col_71,data_col_72,data_col_73,amount_3,data_col_75,data_col_76",71,C:\programs\700GB Cleaning Shi\Sample\Sorted\csv\schema\FILE_001730_0d7494dc_new.csv
FILE_001678_61d04aae_new.csv,"id_internal,subscription_type,subscription_amount,extra_flag,company_id,verification_status,category_code,listing_type,slug,short_description,long_description,data_col_13,contact_first_name,contact_last_name,designation,data_col_17,data_col_18,data_col_19,email_1,email_2,data_col_22,data_col_23,company_name,country,country_code,address_line_1,address_line_2,city,locality,data_col_31,state_id,state,city_id,pincode,website,country_dial_code,area_code,landline_1,data_col_40,amount,mobile_1,mobile_2,phone_number,amount_1,data_col_46,amount_2,phone_number_1,amount_3,data_col_50,data_col_51,data_col_52,verification_method,trust_score,indiamart_url,phone_number_2,phone_number_3,data_col_58,data_col_59,phone_number_4,phone_number_5,data_col_62,data_col_63,phone_number_6,data_col_65,phone_number_7,data_col_67,data_col_68,url,data_col_70,data_col_71,data_col_72,data_col_73,amount_4,data_col_75,data_col_76",75,C:\programs\700GB Cleaning Shi\Sample\Sorted\csv\schema\FILE_001678_61d04aae_new.csv
FILE_001691_5f9fe21f_new.csv,"id_internal,subscription_type,subscription_amount,extra_flag,company_id,verification_status,category_code,listing_type,slug,short_description,long_description,data_col_13,contact_first_name,contact_last_name,designation,data_col_17,data_col_18,data_col_19,email_1,email_2,data_col_22,company_name,country,country_code,address_line_1,address_line_2,city,locality,data_col_31,state_id,state,city_id,pincode,website,country_dial_code,area_code,landline_1,data_col_40,data_col_41,mobile_1,mobile_2,phone_number,amount,data_col_46,data_col_47,data_col_48,amount_1,data_col_50,data_col_51,verification_method,trust_score,indiamart_url,phone_number_1,data_col_57,data_col_58,phone_number_2,phone_number_3,data_col_64,data_col_65,phone_number_4,data_col_67,data_col_68,url,data_col_70,data_col_71,data_col_72,data_col_73,amount_2,data_col_75,data_col_76",70,C:\programs\700GB Cleaning Shi\Sample\Sorted\csv\schema\FILE_001691_5f9fe21f_new.csv
FILE_001868_4840aef6_new.csv,"id_internal,subscription_type,subscription_amount,extra_flag,company_id,verification_status,category_code,listing_type,slug,short_description,long_description,data_col_13,contact_first_name,contact_last_name,designation,data_col_17,data_col_18,data_col_19,email_1,email_2,data_col_22,data_col_23,company_name,country,country_code,address_line_1,address_line_2,city,locality,data_col_31,state_id,state,city_id,pincode,website,country_dial_code,area_code,landline_1,amount,mobile_1,mobile_2,phone_number,amount_1,data_col_47,data_col_48,amount_2,verification_method,trust_score,indiamart_url,phone_number_1,phone_number_2,phone_number_3,phone_number_4,data_col_64,phone_number_5,data_col_67,data_col_68,data_col_69,data_col_70,data_col_71,amount_3,data_col_73,amount_4,data_col_75",64,C:\programs\700GB Cleaning Shi\Sample\Sorted\csv\schema\FILE_001868_4840aef6_new.csv
FILE_001766_922e7ecb_new.csv,"id_internal,subscription_type,subscription_amount,extra_flag,company_id,verification_status,category_code,listing_type,slug,short_description,long_description,data_col_13,contact_first_name,contact_last_name,designation,data_col_17,data_col_18,data_col_19,email_1,email_2,data_col_22,data_col_23,company_name,country,country_code,address_line_1,address_line_2,city,locality,data_col_31,state_id,state,city_id,pincode,website,country_dial_code,area_code,landline_1,data_col_40,amount,mobile_1,mobile_2,phone_number,amount_1,data_col_47,data_col_48,amount_2,data_col_51,verification_method,trust_score,indiamart_url,phone_number_1,phone_number_2,data_col_58,data_col_59,phone_number_3,phone_number_4,data_col_62,data_col_64,phone_number_5,data_col_67,data_col_68,url,data_col_70,data_col_71,data_col_72,data_col_73,amount_3,data_col_75,data_col_76",70,C:\programs\700GB Cleaning Shi\Sample\Sorted\csv\schema\FILE_001766_922e7ecb_new.csv
FILE_001707_a3b41afa_new.csv,"id_internal,subscription_type,subscription_amount,extra_flag,company_id,verification_status,category_code,listing_type,slug,short_description,long_description,data_col_13,contact_first_name,contact_last_name,designation,data_col_17,data_col_18,data_col_19,email_1,email_2,data_col_22,data_col_23,company_name,country,country_code,address_line_1,address_line_2,city,locality,data_col_31,state_id,state,city_id,pincode,website,country_dial_code,area_code,landline_1,data_col_40,data_col_41,mobile_1,mobile_2,phone_number,amount,data_col_46,data_col_47,data_col_48,amount_1,data_col_50,data_col_51,data_col_52,verification_method,trust_score,indiamart_url,phone_number_1,data_col_57,data_col_58,data_col_59,phone_number_2,phone_number_3,data_col_62,data_col_63,data_col_64,data_col_65,phone_number_4,data_col_67,data_col_68,url,data_col_70,data_col_71,amount_2,data_col_73,amount_3,data_col_75,data_col_76",75,C:\programs\700GB Cleaning Shi\Sample\Sorted\csv\schema\FILE_001707_a3b41afa_new.csv
FILE_001989_920b6249_new.csv,"id_internal,subscription_type,subscription_amount,extra_flag,company_id,verification_status,category_code,listing_type,slug,short_description,long_description,data_col_13,contact_first_name,contact_last_name,designation,data_col_17,data_col_18,data_col_19,email_1,email_2,data_col_22,data_col_23,company_name,country,country_code,address_line_1,address_line_2,city,locality,data_col_31,state_id,state,city_id,pincode,website,country_dial_code,area_code,landline_1,data_col_41,mobile_1,mobile_2,phone_number,amount,data_col_47,data_col_48,amount_1,verification_method,trust_score,indiamart_url,phone_number_1,data_col_57,phone_number_2,phone_number_3,data_col_64,phone_number_4,data_col_67,data_col_68,data_col_69,data_col_70,data_col_71,amount_2,amount_3",62,C:\programs\700GB Cleaning Shi\Sample\Sorted\csv\schema\FILE_001989_920b6249_new.csv
FILE_001762_32a212d9_new.csv,"id_internal,subscription_type,subscription_amount,extra_flag,company_id,verification_status,category_code,listing_type,slug,short_description,long_description,data_col_13,contact_first_name,contact_last_name,designation,data_col_17,data_col_18,data_col_19,email_1,email_2,data_col_22,data_col_23,company_name,country,country_code,address_line_1,address_line_2,city,locality,data_col_31,state_id,state,city_id,pincode,website,country_dial_code,area_code,landline_1,data_col_40,amount,mobile_1,mobile_2,phone_number,amount_1,data_col_46,amount_2,phone_number_1,amount_3,data_col_50,data_col_51,verification_method,trust_score,indiamart_url,phone_number_2,phone_number_3,data_col_58,phone_number_4,phone_number_5,phone_number_6,data_col_65,phone_number_7,data_col_67,data_col_68,data_col_69,data_col_70,data_col_71,data_col_72,data_col_73,amount_4,data_col_75",70,C:\programs\700GB Cleaning Shi\Sample\Sorted\csv\schema\FILE_001762_32a212d9_new.csv
FILE_001962_5fc658c0_new.csv,"id_internal,subscription_type,subscription_amount,extra_flag,company_id,verification_status,category_code,listing_type,slug,short_description,long_description,data_col_13,contact_first_name,contact_last_name,designation,data_col_17,data_col_18,data_col_19,email_1,email_2,data_col_22,data_col_23,company_name,country,country_code,address_line_1,address_line_2,city,locality,data_col_31,state_id,state,city_id,pincode,website,country_dial_code,area_code,landline_1,data_col_40,data_col_41,mobile_1,mobile_2,phone_number,amount,data_col_46,data_col_47,data_col_48,amount_1,data_col_50,data_col_51,data_col_52,verification_method,trust_score,indiamart_url,phone_number_1,data_col_57,data_col_58,data_col_59,phone_number_2,phone_number_3,data_col_62,data_col_63,data_col_64,phone_number_4,data_col_67,data_col_68,data_col_69,data_col_70,data_col_71,amount_2,data_col_73,amount_3,data_col_75,data_col_76",74,C:\programs\700GB Cleaning Shi\Sample\Sorted\csv\schema\FILE_001962_5fc658c0_new.csv
FILE_001935_26fd5e56_new.csv,"id_internal,subscription_type,subscription_amount,extra_flag,company_id,verification_status,category_code,listing_type,slug,short_description,long_description,data_col_13,contact_first_name,contact_last_name,designation,data_col_17,data_col_18,data_col_19,email_1,email_2,data_col_22,data_col_23,company_name,country,country_code,address_line_1,address_line_2,city,locality,data_col_31,state_id,state,city_id,pincode,website,country_dial_code,area_code,landline_1,data_col_40,data_col_41,mobile_1,mobile_2,phone_number,amount,data_col_46,data_col_47,data_col_48,amount_1,data_col_50,data_col_51,data_col_52,verification_method,trust_score,indiamart_url,phone_number_1,data_col_57,data_col_58,data_col_59,phone_number_2,phone_number_3,data_col_63,data_col_64,data_col_65,phone_number_4,data_col_67,data_col_68,data_col_69,data_col_70,data_col_71,data_col_72,data_col_73,amount_2,data_col_75",73,C:\programs\700GB Cleaning Shi\Sample\Sorted\csv\schema\FILE_001935_26fd5e56_new.csv
FILE_001797_0051ecbe_new.csv,"id_internal,subscription_type,subscription_amount,extra_flag,company_id,verification_status,category_code,listing_type,slug,short_description,long_description,data_col_13,contact_first_name,contact_last_name,designation,data_col_17,data_col_18,data_col_19,email_1,email_2,data_col_22,data_col_23,company_name,country,country_code,address_line_1,address_line_2,city,locality,data_col_31,state_id,state,city_id,pincode,website,country_dial_code,area_code,landline_1,amount,mobile_1,mobile_2,phone_number,amount_1,amount_2,id,amount_3,data_col_50,data_col_51,verification_method,trust_score,indiamart_url,phone_number_1,phone_number_2,phone_number_3,phone_number_4,phone_number_5,data_col_65,phone_number_6,data_col_67,data_col_68,url,data_col_70,data_col_71,data_col_72,data_col_73,amount_4,data_col_75",67,C:\programs\700GB Cleaning Shi\Sample\Sorted\csv\schema\FILE_001797_0051ecbe_new.csv
FILE_001828_a069eba5_new.csv,"id_internal,subscription_type,subscription_amount,extra_flag,company_id,verification_status,category_code,listing_type,slug,short_description,long_description,data_col_13,contact_first_name,contact_last_name,designation,data_col_17,data_col_18,data_col_19,email_1,email_2,data_col_22,data_col_23,company_name,country,country_code,address_line_1,address_line_2,city,locality,data_col_31,state_id,state,city_id,pincode,website,country_dial_code,area_code,landline_1,data_col_40,data_col_41,mobile_1,mobile_2,phone_number,amount,data_col_46,data_col_47,data_col_48,amount_1,data_col_50,verification_method,trust_score,indiamart_url,phone_number_1,data_col_57,phone_number_2,phone_number_3,data_col_64,phone_number_4,data_col_67,data_col_68,url,data_col_70,data_col_71,data_col_72,data_col_73,amount_2,data_col_75",67,C:\programs\700GB Cleaning Shi\Sample\Sorted\csv\schema\FILE_001828_a069eba5_new.csv
FILE_002051_c3948061_new.csv,"id_internal,subscription_type,subscription_amount,extra_flag,company_id,verification_status,category_code,listing_type,slug,short_description,long_description,contact_first_name,contact_last_name,designation,data_col_18,data_col_19,email_1,email_2,company_name,country,country_code,address_line_1,address_line_2,city,locality,data_col_31,state_id,state,city_id,pincode,website,country_dial_code,area_code,landline_1,amount,mobile_1,mobile_2,phone_number,amount_1,amount_2,phone_number_1,amount_3,amount_4,phone_number_2,verification_method,trust_score,indiamart_url,phone_number_3,phone_number_4,phone_number_5,phone_number_6,phone_number_7,phone_number_8,phone_number_9,data_col_67,data_col_68,data_col_69,data_col_70,data_col_71,amount_5,amount_6,data_col_75",62,C:\programs\700GB Cleaning Shi\Sample\Sorted\csv\schema\FILE_002051_c3948061_new.csv
FILE_001934_ae106c1b_new.csv,"id_internal,subscription_type,subscription_amount,extra_flag,company_id,verification_status,category_code,listing_type,slug,short_description,long_description,data_col_13,contact_first_name,contact_last_name,designation,data_col_17,data_col_18,data_col_19,email_1,email_2,data_col_22,company_name,country,country_code,address_line_1,address_line_2,city,locality,data_col_31,state_id,state,city_id,pincode,website,country_dial_code,area_code,landline_1,amount,mobile_1,mobile_2,phone_number,amount_1,amount_2,phone_number_1,amount_3,verification_method,trust_score,indiamart_url,phone_number_2,phone_number_3,phone_number_4,phone_number_5,phone_number_6,phone_number_7,data_col_67,data_col_68,data_col_69,data_col_70,data_col_71,amount_4,amount_5,data_col_75",62,C:\programs\700GB Cleaning Shi\Sample\Sorted\csv\schema\FILE_001934_ae106c1b_new.csv
FILE_001920_ee317c60_new.csv,"id_internal,subscription_type,subscription_amount,extra_flag,company_id,verification_status,category_code,listing_type,slug,short_description,long_description,data_col_13,contact_first_name,contact_last_name,designation,data_col_17,data_col_18,data_col_19,email_1,email_2,data_col_22,data_col_23,company_name,country,country_code,address_line_1,address_line_2,city,locality,data_col_31,state_id,state,city_id,pincode,website,country_dial_code,area_code,landline_1,amount,mobile_1,mobile_2,phone_number,amount_1,amount_2,phone_number_1,amount_3,amount_4,phone_number_2,verification_method,trust_score,indiamart_url,phone_number_3,phone_number_4,phone_number_5,phone_number_6,phone_number_7,phone_number_8,phone_number_9,data_col_67,data_col_68,data_col_69,data_col_70,data_col_71,amount_5,data_col_73,amount_6,data_col_75",67,C:\programs\700GB Cleaning Shi\Sample\Sorted\csv\schema\FILE_001920_ee317c60_new.csv
FILE_002049_423feb65_new.csv,"id_internal,subscription_type,subscription_amount,extra_flag,company_id,verification_status,category_code,listing_type,slug,short_description,long_description,data_col_13,contact_first_name,contact_last_name,designation,data_col_17,data_col_18,data_col_19,email_1,email_2,company_name,country,country_code,address_line_1,address_line_2,city,locality,data_col_31,state_id,state,city_id,pincode,website,country_dial_code,area_code,landline_1,amount,mobile_1,mobile_2,phone_number,amount_1,amount_2,phone_number_1,amount_3,data_col_50,data_col_51,verification_method,trust_score,indiamart_url,phone_number_2,phone_number_3,phone_number_4,phone_number_5,phone_number_6,data_col_65,phone_number_7,data_col_67,data_col_68,url,data_col_70,data_col_71,amount_4,amount_5,data_col_75",64,C:\programs\700GB Cleaning Shi\Sample\Sorted\csv\schema\FILE_002049_423feb65_new.csv
FILE_002052_6bcc264a_new.csv,"id_internal,subscription_type,subscription_amount,extra_flag,company_id,verification_status,category_code,listing_type,slug,short_description,long_description,data_col_13,contact_first_name,contact_last_name,designation,data_col_17,data_col_18,data_col_19,email_1,email_2,data_col_22,data_col_23,company_name,country,country_code,address_line_1,address_line_2,city,locality,data_col_31,state_id,state,city_id,pincode,website,country_dial_code,area_code,landline_1,data_col_40,data_col_41,mobile_1,mobile_2,phone_number,amount,data_col_46,amount_1,phone_number_1,amount_2,data_col_50,verification_method,trust_score,indiamart_url,phone_number_2,data_col_57,phone_number_3,phone_number_4,data_col_62,phone_number_5,phone_number_6,data_col_67,data_col_68,data_col_69,data_col_70,data_col_71,data_col_72,data_col_73,amount_3,data_col_75",68,C:\programs\700GB Cleaning Shi\Sample\Sorted\csv\schema\FILE_002052_6bcc264a_new.csv
FILE_001922_962f178f_new.csv,"id_internal,subscription_type,subscription_amount,extra_flag,company_id,verification_status,category_code,listing_type,slug,short_description,long_description,data_col_13,contact_first_name,contact_last_name,designation,data_col_17,data_col_18,data_col_19,email_1,email_2,data_col_22,data_col_23,company_name,country,country_code,address_line_1,address_line_2,city,locality,data_col_31,state_id,state,city_id,pincode,website,country_dial_code,area_code,landline_1,data_col_40,amount,mobile_1,mobile_2,phone_number,amount_1,data_col_46,amount_2,phone_number_1,amount_3,data_col_50,data_col_51,data_col_52,verification_method,trust_score,indiamart_url,phone_number_2,phone_number_3,data_col_58,data_col_59,phone_number_4,phone_number_5,data_col_63,phone_number_6,data_col_65,phone_number_7,data_col_67,data_col_68,url,data_col_70,data_col_71,data_col_72,data_col_73,amount_4,data_col_75",73,C:\programs\700GB Cleaning Shi\Sample\Sorted\csv\schema\FILE_001922_962f178f_new.csv
FILE_002054_0bd07ddc_new.csv,"id_internal,subscription_type,subscription_amount,extra_flag,company_id,verification_status,category_code,listing_type,slug,short_description,long_description,data_col_13,contact_first_name,contact_last_name,designation,data_col_17,data_col_18,data_col_19,email_1,email_2,data_col_22,data_col_23,company_name,country,country_code,address_line_1,address_line_2,city,locality,data_col_31,state_id,state,city_id,pincode,website,country_dial_code,area_code,landline_1,data_col_41,mobile_1,mobile_2,phone_number,amount,data_col_47,data_col_48,amount_1,data_col_50,data_col_51,verification_method,trust_score,indiamart_url,phone_number_1,data_col_57,phone_number_2,phone_number_3,data_col_64,data_col_65,phone_number_4,data_col_67,data_col_68,data_col_69,data_col_70,data_col_71,data_col_72,data_col_73,amount_2,data_col_75",67,C:\programs\700GB Cleaning Shi\Sample\Sorted\csv\schema\FILE_002054_0bd07ddc_new.csv
FILE_001960_7708a618_new.csv,"id_internal,subscription_type,subscription_amount,extra_flag,company_id,verification_status,category_code,listing_type,slug,short_description,long_description,data_col_13,contact_first_name,contact_last_name,designation,data_col_17,data_col_18,data_col_19,email_1,email_2,company_name,country,country_code,address_line_1,address_line_2,city,locality,data_col_31,state_id,state,city_id,pincode,website,country_dial_code,area_code,landline_1,data_col_41,mobile_1,mobile_2,phone_number,amount,data_col_46,data_col_47,data_col_48,amount_1,data_col_50,data_col_51,verification_method,trust_score,indiamart_url,phone_number_1,data_col_57,phone_number_2,phone_number_3,data_col_62,data_col_64,data_col_65,phone_number_4,data_col_67,data_col_68,data_col_69,data_col_70,data_col_71,amount_2,data_col_73,amount_3,data_col_75",67,C:\programs\700GB Cleaning Shi\Sample\Sorted\csv\schema\FILE_001960_7708a618_new.csv
FILE_002053_b67a17d0_new.csv,"id_internal,subscription_type,subscription_amount,extra_flag,company_id,verification_status,category_code,listing_type,slug,short_description,long_description,data_col_13,contact_first_name,contact_last_name,designation,data_col_17,data_col_18,data_col_19,email_1,email_2,data_col_22,company_name,country,country_code,address_line_1,address_line_2,city,locality,data_col_31,state_id,state,city_id,pincode,website,country_dial_code,area_code,landline_1,amount,mobile_1,mobile_2,phone_number,amount_1,data_col_46,amount_2,phone_number_1,amount_3,amount_4,phone_number_2,verification_method,trust_score,indiamart_url,phone_number_3,phone_number_4,data_col_59,phone_number_5,phone_number_6,data_col_63,phone_number_7,phone_number_8,phone_number_9,data_col_67,data_col_68,url,data_col_70,data_col_71,amount_5,data_col_73,amount_6,data_col_75",69,C:\programs\700GB Cleaning Shi\Sample\Sorted\csv\schema\FILE_002053_b67a17d0_new.csv
FILE_001912_f8d24d13_new.csv,"id_internal,subscription_type,subscription_amount,extra_flag,company_id,verification_status,category_code,listing_type,slug,short_description,long_description,data_col_13,contact_first_name,contact_last_name,designation,data_col_17,data_col_18,data_col_19,email_1,email_2,data_col_22,data_col_23,company_name,country,country_code,address_line_1,address_line_2,city,locality,data_col_31,state_id,state,city_id,pincode,website,country_dial_code,area_code,landline_1,data_col_41,mobile_1,mobile_2,phone_number,amount,data_col_47,data_col_48,amount_1,verification_method,trust_score,indiamart_url,data_col_56,data_col_57,phone_number_1,phone_number_2,data_col_64,phone_number_3,data_col_67,data_col_68,data_col_69,data_col_70,data_col_71,amount_2,data_col_73,amount_3,data_col_75",64,C:\programs\700GB Cleaning Shi\Sample\Sorted\csv\schema\FILE_001912_f8d24d13_new.csv
FILE_001928_e010e838_new.csv,"id_internal,subscription_type,subscription_amount,extra_flag,company_id,verification_status,category_code,listing_type,slug,short_description,long_description,data_col_13,contact_first_name,contact_last_name,designation,data_col_17,data_col_18,data_col_19,email_1,email_2,data_col_22,data_col_23,company_name,country,country_code,address_line_1,address_line_2,city,locality,data_col_31,state_id,state,city_id,pincode,website,country_dial_code,area_code,landline_1,amount,mobile_1,mobile_2,phone_number,amount_1,amount_2,phone_number_1,amount_3,verification_method,trust_score,indiamart_url,phone_number_2,phone_number_3,phone_number_4,phone_number_5,phone_number_6,phone_number_7,data_col_67,data_col_68,url,data_col_70,data_col_71,amount_4,data_col_73,amount_5,data_col_75",64,C:\programs\700GB Cleaning Shi\Sample\Sorted\csv\schema\FILE_001928_e010e838_new.csv
FILE_002057_0c3fea64_new.csv,"id_internal,subscription_type,subscription_amount,extra_flag,company_id,verification_status,category_code,listing_type,slug,short_description,long_description,data_col_13,contact_first_name,contact_last_name,designation,data_col_18,data_col_19,email_1,email_2,data_col_22,company_name,country,country_code,address_line_1,address_line_2,city,locality,full_name,state_id,state,city_id,pincode,website,country_dial_code,area_code,landline_1,data_col_40,amount,mobile_1,mobile_2,phone_number,amount_1,data_col_47,data_col_48,amount_2,data_col_50,data_col_51,verification_method,trust_score,indiamart_url,phone_number_1,phone_number_2,data_col_58,data_col_59,phone_number_3,phone_number_4,data_col_64,data_col_65,phone_number_5,data_col_67,data_col_68,url,data_col_70,data_col_71,amount_3,data_col_73,amount_4,data_col_75",68,C:\programs\700GB Cleaning Shi\Sample\Sorted\csv\schema\FILE_002057_0c3fea64_new.csv
FILE_002319_4156d7df_new.csv,"id_internal,subscription_type,subscription_amount,extra_flag,company_id,verification_status,category_code,listing_type,slug,short_description,long_description,data_col_13,contact_first_name,contact_last_name,designation,data_col_17,data_col_18,data_col_19,email_1,email_2,data_col_22,data_col_23,company_name,country,country_code,address_line_1,address_line_2,city,locality,data_col_31,state_id,state,city_id,pincode,website,country_dial_code,area_code,landline_1,data_col_41,mobile_1,mobile_2,phone_number,amount,amount_1,id,amount_2,verification_method,trust_score,indiamart_url,phone_number_1,data_col_57,phone_number_2,phone_number_3,phone_number_4,phone_number_5,data_col_67,data_col_68,data_col_69,data_col_70,data_col_71,data_col_72,data_col_73,amount_3,data_col_75",64,C:\programs\700GB Cleaning Shi\Sample\Sorted\csv\schema\FILE_002319_4156d7df_new.csv
FILE_002178_67650f66_new.csv,"id_internal,subscription_type,subscription_amount,extra_flag,company_id,verification_status,category_code,listing_type,slug,short_description,long_description,data_col_13,contact_first_name,contact_last_name,designation,data_col_17,data_col_18,data_col_19,email_1,email_2,data_col_22,data_col_23,company_name,country,country_code,address_line_1,address_line_2,city,locality,full_name,state_id,state,city_id,pincode,website,country_dial_code,area_code,landline_1,data_col_41,mobile_1,mobile_2,phone_number,amount,data_col_47,data_col_48,amount_1,verification_method,trust_score,indiamart_url,data_col_56,data_col_57,phone_number_1,phone_number_2,data_col_64,data_col_67,data_col_68,data_col_69,data_col_70,data_col_71,amount_2,amount_3",61,C:\programs\700GB Cleaning Shi\Sample\Sorted\csv\schema\FILE_002178_67650f66_new.csv
FILE_001796_f5baf875_new.csv,"id_internal,subscription_type,subscription_amount,extra_flag,company_id,verification_status,category_code,listing_type,slug,short_description,long_description,data_col_13,contact_first_name,contact_last_name,designation,data_col_17,data_col_18,data_col_19,email_1,email_2,data_col_23,company_name,country,country_code,address_line_1,address_line_2,city,locality,full_name,state_id,state,city_id,pincode,website,country_dial_code,area_code,landline_1,amount,mobile_1,mobile_2,phone_number,amount_1,data_col_46,amount_2,id,amount_3,amount_4,id_1,verification_method,trust_score,indiamart_url,phone_number_1,phone_number_2,data_col_58,phone_number_3,phone_number_4,data_col_62,data_col_63,phone_number_5,phone_number_6,phone_number_7,data_col_67,data_col_68,data_col_69,data_col_70,data_col_71,amount_5,data_col_73,amount_6,data_col_75,data_col_76",71,C:\programs\700GB Cleaning Shi\Sample\Sorted\csv\schema\FILE_001796_f5baf875_new.csv
FILE_002058_8a716276_new.csv,"id_internal,subscription_type,subscription_amount,extra_flag,company_id,verification_status,category_code,listing_type,slug,short_description,long_description,data_col_13,contact_first_name,contact_last_name,designation,data_col_17,data_col_18,data_col_19,email_1,email_2,data_col_22,data_col_23,company_name,country,country_code,address_line_1,address_line_2,city,locality,data_col_31,state_id,state,city_id,pincode,website,country_dial_code,area_code,landline_1,amount,mobile_1,mobile_2,phone_number,amount_1,amount_2,phone_number_1,amount_3,data_col_50,data_col_51,verification_method,trust_score,indiamart_url,phone_number_2,phone_number_3,phone_number_4,phone_number_5,phone_number_6,data_col_65,phone_number_7,data_col_67,data_col_68,url,data_col_70,data_col_71,amount_4,data_col_73,amount_5,data_col_75",67,C:\programs\700GB Cleaning Shi\Sample\Sorted\csv\schema\FILE_002058_8a716276_new.csv
FILE_001827_f9937591_new.csv,"id_internal,subscription_type,subscription_amount,extra_flag,company_id,verification_status,category_code,listing_type,slug,short_description,long_description,data_col_13,contact_first_name,contact_last_name,designation,data_col_17,data_col_18,data_col_19,email_1,email_2,data_col_22,company_name,country,country_code,address_line_1,address_line_2,city,locality,full_name,state_id,state,city_id,pincode,website,country_dial_code,area_code,landline_1,amount,mobile_1,mobile_2,phone_number,amount_1,data_col_47,data_col_48,amount_2,data_col_50,data_col_51,verification_method,trust_score,indiamart_url,phone_number_1,phone_number_2,phone_number_3,phone_number_4,data_col_64,data_col_65,phone_number_5,data_col_67,data_col_68,data_col_69,data_col_70,data_col_71,data_col_72,data_col_73,amount_3,data_col_75",66,C:\programs\700GB Cleaning Shi\Sample\Sorted\csv\schema\FILE_001827_f9937591_new.csv
FILE_002113_a8b67ab3_new.csv,"id_internal,subscription_type,subscription_amount,extra_flag,company_id,verification_status,category_code,listing_type,slug,short_description,long_description,data_col_13,contact_first_name,contact_last_name,designation,data_col_17,data_col_18,data_col_19,email_1,email_2,data_col_22,data_col_23,company_name,country,country_code,address_line_1,address_line_2,city,locality,data_col_31,state_id,state,city_id,pincode,country_dial_code,mobile_2,phone_number,amount,amount_1,verification_method,trust_score,indiamart_url,phone_number_1,phone_number_2,data_col_67,data_col_68,amount_2",47,C:\programs\700GB Cleaning Shi\Sample\Sorted\csv\schema\FILE_002113_a8b67ab3_new.csv
FILE_002282_5a1a07ca_new.csv,"id_internal,subscription_type,subscription_amount,extra_flag,company_id,verification_status,category_code,listing_type,slug,short_description,long_description,data_col_13,contact_first_name,contact_last_name,designation,data_col_17,data_col_18,data_col_19,email_1,email_2,data_col_22,data_col_23,company_name,country,country_code,address_line_1,address_line_2,city,locality,data_col_31,state_id,state,city_id,pincode,website,country_dial_code,area_code,landline_1,amount,mobile_1,mobile_2,phone_number,amount_1,amount_2,phone_number_1,amount_3,data_col_50,data_col_51,verification_method,trust_score,indiamart_url,phone_number_2,phone_number_3,phone_number_4,phone_number_5,phone_number_6,data_col_65,phone_number_7,data_col_67,data_col_68,url,data_col_70,data_col_71,data_col_72,data_col_73,amount_4,data_col_75",67,C:\programs\700GB Cleaning Shi\Sample\Sorted\csv\schema\FILE_002282_5a1a07ca_new.csv
FILE_002342_3bb2be91_new.csv,"id_internal,subscription_type,subscription_amount,extra_flag,company_id,verification_status,category_code,listing_type,slug,short_description,long_description,data_col_13,contact_first_name,contact_last_name,designation,data_col_17,data_col_18,data_col_19,email_1,email_2,data_col_22,data_col_23,company_name,country,country_code,address_line_1,address_line_2,city,locality,data_col_31,state_id,state,city_id,pincode,website,country_dial_code,area_code,landline_1,data_col_40,amount,mobile_1,mobile_2,phone_number,amount_1,data_col_46,data_col_47,data_col_48,amount_2,data_col_50,data_col_51,verification_method,trust_score,indiamart_url,phone_number_1,phone_number_2,data_col_58,data_col_59,phone_number_3,phone_number_4,data_col_62,data_col_64,data_col_65,phone_number_5,data_col_67,data_col_68,data_col_69,data_col_70,data_col_71,data_col_72,data_col_73,amount_3,data_col_75",72,C:\programs\700GB Cleaning Shi\Sample\Sorted\csv\schema\FILE_002342_3bb2be91_new.csv
FILE_002137_ab630eeb_new.csv,"id_internal,subscription_type,subscription_amount,extra_flag,company_id,verification_status,category_code,listing_type,slug,short_description,long_description,data_col_13,contact_first_name,contact_last_name,designation,data_col_17,data_col_18,data_col_19,email_1,email_2,company_name,country,country_code,address_line_1,address_line_2,city,locality,data_col_31,state_id,state,city_id,pincode,website,country_dial_code,area_code,landline_1,data_col_41,mobile_1,mobile_2,phone_number,amount,data_col_47,data_col_48,amount_1,verification_method,trust_score,indiamart_url,data_col_56,data_col_57,phone_number_1,phone_number_2,data_col_64,phone_number_3,data_col_67,data_col_68,url,data_col_70,data_col_71,amount_2,data_col_73,amount_3,data_col_75",62,C:\programs\700GB Cleaning Shi\Sample\Sorted\csv\schema\FILE_002137_ab630eeb_new.csv
FILE_002343_7283dde3_new.csv,"id_internal,subscription_type,subscription_amount,extra_flag,company_id,verification_status,category_code,listing_type,slug,short_description,long_description,data_col_13,contact_first_name,contact_last_name,designation,data_col_17,data_col_18,data_col_19,email_1,email_2,data_col_22,data_col_23,company_name,country,country_code,address_line_1,address_line_2,city,locality,full_name,state_id,state,city_id,pincode,website,country_dial_code,area_code,landline_1,data_col_40,amount,mobile_1,mobile_2,phone_number,amount_1,data_col_46,amount_2,phone_number_1,amount_3,data_col_50,data_col_51,verification_method,trust_score,indiamart_url,phone_number_2,phone_number_3,data_col_58,data_col_59,phone_number_4,phone_number_5,data_col_62,data_col_63,phone_number_6,data_col_65,phone_number_7,data_col_67,data_col_68,data_col_69,data_col_70,data_col_71,data_col_72,data_col_73,amount_4,data_col_75,data_col_76",74,C:\programs\700GB Cleaning Shi\Sample\Sorted\csv\schema\FILE_002343_7283dde3_new.csv
FILE_002351_7930ae3c_new.csv,"id_internal,subscription_type,subscription_amount,extra_flag,company_id,verification_status,category_code,listing_type,slug,short_description,long_description,data_col_13,contact_first_name,contact_last_name,designation,data_col_17,data_col_18,data_col_19,email_1,email_2,data_col_22,data_col_23,company_name,country,country_code,address_line_1,address_line_2,city,locality,data_col_31,state_id,state,city_id,pincode,website,country_dial_code,area_code,landline_1,data_col_41,mobile_1,mobile_2,phone_number,amount,data_col_47,data_col_48,amount_1,verification_method,trust_score,indiamart_url,phone_number_1,data_col_57,phone_number_2,phone_number_3,data_col_64,phone_number_4,data_col_67,data_col_68,data_col_69,data_col_70,data_col_71,data_col_72,data_col_73,amount_2,data_col_75",64,C:\programs\700GB Cleaning Shi\Sample\Sorted\csv\schema\FILE_002351_7930ae3c_new.csv
FILE_002285_5914ffb4_new.csv,"id_internal,subscription_type,subscription_amount,extra_flag,company_id,verification_status,category_code,listing_type,slug,short_description,long_description,data_col_13,contact_first_name,contact_last_name,designation,data_col_17,data_col_18,data_col_19,email_1,email_2,data_col_23,company_name,country,country_code,address_line_1,address_line_2,city,locality,data_col_31,state_id,state,city_id,pincode,website,country_dial_code,area_code,landline_1,data_col_40,data_col_41,mobile_1,mobile_2,phone_number,amount,data_col_46,data_col_47,data_col_48,amount_1,data_col_50,data_col_51,data_col_52,verification_method,trust_score,indiamart_url,phone_number_1,data_col_57,data_col_58,data_col_59,phone_number_2,phone_number_3,data_col_63,data_col_64,data_col_65,phone_number_4,data_col_67,data_col_68,data_col_69,data_col_70,data_col_71,amount_2,data_col_73,amount_3,data_col_75",72,C:\programs\700GB Cleaning Shi\Sample\Sorted\csv\schema\FILE_002285_5914ffb4_new.csv
FILE_002102_f6ccf5fb_new.csv,"id_internal,subscription_type,subscription_amount,extra_flag,company_id,verification_status,category_code,listing_type,slug,short_description,long_description,data_col_13,contact_first_name,contact_last_name,designation,data_col_17,data_col_18,data_col_19,email_1,email_2,data_col_22,data_col_23,company_name,country,country_code,address_line_1,address_line_2,city,locality,full_name,state_id,state,city_id,pincode,website,country_dial_code,area_code,landline_1,data_col_40,data_col_41,mobile_1,mobile_2,phone_number,amount,data_col_46,data_col_47,data_col_48,amount_1,data_col_50,data_col_51,data_col_52,verification_method,trust_score,indiamart_url,phone_number_1,data_col_57,data_col_58,phone_number_2,phone_number_3,data_col_63,data_col_64,data_col_65,phone_number_4,data_col_67,data_col_68,url,data_col_70,data_col_71,data_col_72,data_col_73,amount_2,data_col_75",72,C:\programs\700GB Cleaning Shi\Sample\Sorted\csv\schema\FILE_002102_f6ccf5fb_new.csv
FILE_002350_a4718831_new.csv,"id_internal,subscription_type,subscription_amount,extra_flag,company_id,verification_status,category_code,listing_type,slug,short_description,long_description,data_col_13,contact_first_name,contact_last_name,designation,data_col_17,data_col_18,data_col_19,email_1,email_2,data_col_22,data_col_23,company_name,country,country_code,address_line_1,address_line_2,city,locality,data_col_31,state_id,state,city_id,pincode,website,country_dial_code,area_code,landline_1,data_col_40,amount,mobile_1,mobile_2,phone_number,amount_1,data_col_46,data_col_47,data_col_48,amount_2,data_col_50,data_col_51,data_col_52,verification_method,trust_score,indiamart_url,phone_number_1,phone_number_2,data_col_58,data_col_59,phone_number_3,phone_number_4,data_col_64,data_col_65,phone_number_5,data_col_67,data_col_68,url,data_col_70,data_col_71,data_col_72,data_col_73,amount_3,data_col_75",72,C:\programs\700GB Cleaning Shi\Sample\Sorted\csv\schema\FILE_002350_a4718831_new.csv
FILE_002206_1e275ac3_new.csv,"id_internal,subscription_type,subscription_amount,extra_flag,company_id,verification_status,category_code,listing_type,slug,short_description,long_description,data_col_13,contact_first_name,contact_last_name,designation,data_col_17,data_col_18,data_col_19,email_1,email_2,data_col_22,data_col_23,company_name,country,country_code,address_line_1,address_line_2,city,locality,data_col_31,state_id,state,city_id,pincode,website,country_dial_code,area_code,landline_1,data_col_41,mobile_1,mobile_2,phone_number,amount,amount_1,id,amount_2,data_col_50,data_col_51,verification_method,trust_score,indiamart_url,phone_number_1,data_col_57,phone_number_2,phone_number_3,phone_number_4,data_col_65,phone_number_5,data_col_67,data_col_68,url,data_col_70,data_col_71,data_col_72,data_col_73,amount_3,data_col_75",67,C:\programs\700GB Cleaning Shi\Sample\Sorted\csv\schema\FILE_002206_1e275ac3_new.csv
FILE_002408_70c4f441_new.csv,"id_internal,subscription_type,subscription_amount,extra_flag,company_id,verification_status,category_code,listing_type,slug,short_description,long_description,data_col_13,contact_first_name,contact_last_name,designation,data_col_17,data_col_18,data_col_19,email_1,email_2,data_col_22,data_col_23,company_name,country,country_code,address_line_1,address_line_2,city,locality,data_col_31,state_id,state,city_id,pincode,website,country_dial_code,area_code,landline_1,data_col_40,amount,mobile_1,mobile_2,phone_number,amount_1,data_col_46,amount_2,phone_number_1,amount_3,data_col_50,data_col_51,data_col_52,verification_method,trust_score,indiamart_url,phone_number_2,phone_number_3,data_col_58,phone_number_4,phone_number_5,data_col_63,phone_number_6,data_col_65,phone_number_7,data_col_67,data_col_68,url,data_col_70,data_col_71,data_col_72,data_col_73,amount_4,data_col_75",72,C:\programs\700GB Cleaning Shi\Sample\Sorted\csv\schema\FILE_002408_70c4f441_new.csv
FILE_002340_955729b6_new.csv,"id_internal,subscription_type,subscription_amount,extra_flag,company_id,verification_status,category_code,listing_type,slug,short_description,long_description,data_col_13,contact_first_name,contact_last_name,designation,data_col_17,data_col_18,data_col_19,email_1,email_2,data_col_22,data_col_23,company_name,country,country_code,address_line_1,address_line_2,city,locality,data_col_31,state_id,state,city_id,pincode,website,country_dial_code,area_code,landline_1,data_col_40,amount,mobile_1,mobile_2,phone_number,amount_1,amount_2,phone_number_1,amount_3,data_col_50,data_col_51,data_col_52,verification_method,trust_score,indiamart_url,phone_number_2,phone_number_3,data_col_59,phone_number_4,phone_number_5,data_col_63,phone_number_6,data_col_65,phone_number_7,data_col_67,data_col_68,url,data_col_70,data_col_71,data_col_72,data_col_73,amount_4,data_col_75",71,C:\programs\700GB Cleaning Shi\Sample\Sorted\csv\schema\FILE_002340_955729b6_new.csv
FILE_002341_ae5b378f_new.csv,"id_internal,subscription_type,subscription_amount,extra_flag,company_id,verification_status,category_code,listing_type,slug,short_description,long_description,data_col_13,contact_first_name,contact_last_name,designation,data_col_17,data_col_18,data_col_19,email_1,email_2,data_col_22,data_col_23,company_name,country,country_code,address_line_1,address_line_2,city,locality,data_col_31,state_id,state,city_id,pincode,website,country_dial_code,area_code,landline_1,data_col_41,mobile_1,mobile_2,phone_number,amount,data_col_47,data_col_48,amount_1,data_col_50,data_col_51,verification_method,trust_score,indiamart_url,phone_number_1,data_col_57,phone_number_2,phone_number_3,data_col_64,data_col_65,phone_number_4,data_col_67,data_col_68,url,data_col_70,data_col_71,data_col_72,amount_2,data_col_75",66,C:\programs\700GB Cleaning Shi\Sample\Sorted\csv\schema\FILE_002341_ae5b378f_new.csv
FILE_002362_565ab5b1_new.csv,"id_internal,subscription_type,subscription_amount,extra_flag,company_id,verification_status,category_code,listing_type,slug,short_description,long_description,data_col_13,contact_first_name,contact_last_name,designation,data_col_17,data_col_18,data_col_19,email_1,email_2,data_col_22,company_name,country,country_code,address_line_1,address_line_2,city,locality,data_col_31,state_id,state,city_id,pincode,website,country_dial_code,area_code,landline_1,data_col_40,data_col_41,mobile_1,mobile_2,phone_number,amount,data_col_46,data_col_47,data_col_48,amount_1,data_col_51,verification_method,trust_score,indiamart_url,data_col_56,data_col_57,data_col_58,phone_number_1,phone_number_2,data_col_62,data_col_63,data_col_64,phone_number_3,data_col_67,data_col_68,data_col_69,data_col_70,data_col_71,amount_2,amount_3,data_col_76",68,C:\programs\700GB Cleaning Shi\Sample\Sorted\csv\schema\FILE_002362_565ab5b1_new.csv
FILE_002346_69f3811d_new.csv,"id_internal,subscription_type,subscription_amount,extra_flag,company_id,verification_status,category_code,listing_type,slug,short_description,long_description,data_col_13,contact_first_name,contact_last_name,designation,data_col_17,data_col_18,data_col_19,email_1,email_2,data_col_22,data_col_23,company_name,country,country_code,address_line_1,address_line_2,city,locality,data_col_31,state_id,state,city_id,pincode,website,country_dial_code,area_code,landline_1,data_col_40,data_col_41,mobile_1,mobile_2,phone_number,amount,data_col_46,data_col_47,data_col_48,amount_1,data_col_50,data_col_51,verification_method,trust_score,indiamart_url,phone_number_1,data_col_57,data_col_58,phone_number_2,phone_number_3,data_col_62,data_col_64,data_col_65,phone_number_4,data_col_67,data_col_68,url,data_col_70,data_col_71,data_col_72,data_col_73,amount_2,data_col_75",71,C:\programs\700GB Cleaning Shi\Sample\Sorted\csv\schema\FILE_002346_69f3811d_new.csv
FILE_002345_7107655c_new.csv,"id_internal,subscription_type,subscription_amount,extra_flag,company_id,verification_status,category_code,listing_type,slug,short_description,long_description,data_col_13,contact_first_name,contact_last_name,designation,data_col_17,data_col_18,data_col_19,email_1,email_2,data_col_22,data_col_23,company_name,country,country_code,address_line_1,address_line_2,city,locality,data_col_31,state_id,state,city_id,pincode,website,country_dial_code,area_code,landline_1,data_col_40,amount,mobile_1,mobile_2,phone_number,amount_1,data_col_46,amount_2,phone_number_1,amount_3,data_col_50,data_col_51,data_col_52,verification_method,trust_score,indiamart_url,phone_number_2,phone_number_3,data_col_58,data_col_59,phone_number_4,phone_number_5,data_col_62,data_col_63,phone_number_6,data_col_65,phone_number_7,data_col_67,data_col_68,data_col_69,data_col_70,data_col_71,amount_4,data_col_73,amount_5,data_col_75,data_col_76",75,C:\programs\700GB Cleaning Shi\Sample\Sorted\csv\schema\FILE_002345_7107655c_new.csv
FILE_002349_c0d16daf_new.csv,"id_internal,subscription_type,subscription_amount,extra_flag,company_id,verification_status,category_code,listing_type,slug,short_description,long_description,data_col_13,contact_first_name,contact_last_name,designation,data_col_17,data_col_18,data_col_19,email_1,email_2,data_col_22,data_col_23,company_name,country,country_code,address_line_1,address_line_2,city,locality,data_col_31,state_id,state,city_id,pincode,website,country_dial_code,area_code,landline_1,data_col_40,amount,mobile_1,mobile_2,phone_number,amount_1,data_col_46,amount_2,phone_number_1,amount_3,data_col_50,data_col_51,data_col_52,verification_method,trust_score,indiamart_url,phone_number_2,phone_number_3,data_col_58,phone_number_4,phone_number_5,data_col_62,data_col_63,phone_number_6,data_col_65,phone_number_7,data_col_67,data_col_68,url,data_col_70,data_col_71,data_col_72,data_col_73,amount_4,data_col_75",73,C:\programs\700GB Cleaning Shi\Sample\Sorted\csv\schema\FILE_002349_c0d16daf_new.csv
FILE_002344_3b2a8411_new.csv,"id_internal,subscription_type,subscription_amount,extra_flag,company_id,verification_status,category_code,listing_type,slug,short_description,long_description,data_col_13,contact_first_name,contact_last_name,designation,data_col_17,data_col_18,data_col_19,email_1,email_2,data_col_22,data_col_23,company_name,country,country_code,address_line_1,address_line_2,city,locality,data_col_31,state_id,state,city_id,pincode,website,country_dial_code,area_code,landline_1,data_col_40,data_col_41,mobile_1,mobile_2,phone_number,amount,data_col_46,amount_1,phone_number_1,amount_2,data_col_50,data_col_51,data_col_52,verification_method,trust_score,indiamart_url,phone_number_2,data_col_57,data_col_58,data_col_59,phone_number_3,phone_number_4,data_col_62,data_col_63,phone_number_5,data_col_65,phone_number_6,data_col_67,data_col_68,url,data_col_70,data_col_71,data_col_72,data_col_73,amount_3,data_col_75,data_col_76",75,C:\programs\700GB Cleaning Shi\Sample\Sorted\csv\schema\FILE_002344_3b2a8411_new.csv
FILE_002339_0c9a8ebb_new.csv,"id_internal,subscription_type,subscription_amount,extra_flag,company_id,verification_status,category_code,listing_type,slug,short_description,long_description,data_col_13,contact_first_name,contact_last_name,designation,data_col_17,data_col_18,data_col_19,email_1,email_2,data_col_22,data_col_23,company_name,country,country_code,address_line_1,address_line_2,city,locality,full_name,state_id,state,city_id,pincode,website,country_dial_code,area_code,landline_1,data_col_40,amount,mobile_1,mobile_2,phone_number,amount_1,data_col_46,amount_2,phone_number_1,amount_3,data_col_50,data_col_51,data_col_52,verification_method,trust_score,indiamart_url,phone_number_2,phone_number_3,data_col_58,data_col_59,phone_number_4,phone_number_5,data_col_62,phone_number_6,data_col_65,phone_number_7,data_col_67,data_col_68,data_col_69,data_col_70,data_col_71,data_col_72,data_col_73,amount_4,data_col_75,data_col_76",74,C:\programs\700GB Cleaning Shi\Sample\Sorted\csv\schema\FILE_002339_0c9a8ebb_new.csv
FILE_002284_485336b8_new.csv,"id_internal,subscription_type,subscription_amount,extra_flag,company_id,verification_status,category_code,listing_type,slug,short_description,long_description,data_col_13,contact_first_name,contact_last_name,designation,data_col_17,data_col_18,data_col_19,email_1,email_2,data_col_22,data_col_23,company_name,country,country_code,address_line_1,address_line_2,city,locality,data_col_31,state_id,state,city_id,pincode,website,country_dial_code,area_code,landline_1,data_col_41,mobile_1,mobile_2,phone_number,amount,data_col_47,data_col_48,amount_1,data_col_50,data_col_51,verification_method,trust_score,indiamart_url,phone_number_1,data_col_57,phone_number_2,phone_number_3,data_col_64,data_col_65,phone_number_4,data_col_67,data_col_68,data_col_69,data_col_70,data_col_71,amount_2,amount_3,data_col_75",66,C:\programs\700GB Cleaning Shi\Sample\Sorted\csv\schema\FILE_002284_485336b8_new.csv
FILE_002348_0293d854_new.csv,"id_internal,subscription_type,subscription_amount,extra_flag,company_id,verification_status,category_code,listing_type,slug,short_description,long_description,data_col_13,contact_first_name,contact_last_name,designation,data_col_17,data_col_18,data_col_19,email_1,email_2,data_col_22,data_col_23,company_name,country,country_code,address_line_1,address_line_2,city,locality,data_col_31,state_id,state,city_id,pincode,website,country_dial_code,area_code,landline_1,data_col_40,amount,mobile_1,mobile_2,phone_number,amount_1,data_col_46,amount_2,phone_number_1,amount_3,data_col_50,data_col_51,data_col_52,verification_method,trust_score,indiamart_url,phone_number_2,phone_number_3,data_col_58,data_col_59,phone_number_4,phone_number_5,data_col_62,phone_number_6,data_col_65,phone_number_7,data_col_67,data_col_68,data_col_69,data_col_70,data_col_71,data_col_72,data_col_73,amount_4,data_col_75,data_col_76",74,C:\programs\700GB Cleaning Shi\Sample\Sorted\csv\schema\FILE_002348_0293d854_new.csv
FILE_002347_fd6697fb_new.csv,"id_internal,subscription_type,subscription_amount,extra_flag,company_id,verification_status,category_code,listing_type,slug,short_description,long_description,data_col_13,contact_first_name,contact_last_name,designation,data_col_17,data_col_18,data_col_19,email_1,email_2,data_col_22,data_col_23,company_name,country,country_code,address_line_1,address_line_2,city,locality,data_col_31,state_id,state,city_id,pincode,website,country_dial_code,area_code,landline_1,data_col_40,amount,mobile_1,mobile_2,phone_number,amount_1,data_col_46,amount_2,phone_number_1,amount_3,data_col_50,data_col_51,data_col_52,verification_method,trust_score,indiamart_url,phone_number_2,phone_number_3,data_col_58,data_col_59,phone_number_4,phone_number_5,data_col_62,phone_number_6,data_col_65,phone_number_7,data_col_67,data_col_68,data_col_69,data_col_70,data_col_71,amount_4,data_col_73,amount_5,data_col_75,data_col_76",74,C:\programs\700GB Cleaning Shi\Sample\Sorted\csv\schema\FILE_002347_fd6697fb_new.csv
FILE_002483_f8ad613d_new.csv,"id_internal,subscription_type,subscription_amount,extra_flag,company_id,verification_status,category_code,listing_type,slug,short_description,long_description,data_col_13,contact_first_name,contact_last_name,designation,data_col_17,data_col_18,data_col_19,email_1,email_2,data_col_22,data_col_23,company_name,country,country_code,address_line_1,address_line_2,city,locality,data_col_31,state_id,state,city_id,pincode,website,country_dial_code,area_code,landline_1,data_col_41,mobile_1,mobile_2,phone_number,amount,data_col_47,data_col_48,amount_1,verification_method,trust_score,indiamart_url,phone_number_1,data_col_57,phone_number_2,phone_number_3,data_col_64,phone_number_4,data_col_67,data_col_68,url,data_col_70,data_col_71,amount_2,data_col_73,amount_3,data_col_75",64,C:\programs\700GB Cleaning Shi\Sample\Sorted\csv\schema\FILE_002483_f8ad613d_new.csv
FILE_002534_df7e56ff_new.csv,"data_col_0,data_col_1,data_col_2,data_col_3,data_col_4,city,pincode,data_col_7,data_col_8,email,data_col_10,data_col_11,data_col_12,data_col_13,data_col_14,data_col_15,data_col_16,data_col_17",18,C:\programs\700GB Cleaning Shi\Sample\Sorted\csv\schema\FILE_002534_df7e56ff_new.csv
FILE_002551_dabd041c_new.csv,"email,data_col_26,pincode",3,C:\programs\700GB Cleaning Shi\Sample\Sorted\csv\schema\FILE_002551_dabd041c_new.csv
FILE_002379_932f50be_new.csv,"id_internal,subscription_type,subscription_amount,extra_flag,company_id,verification_status,category_code,listing_type,slug,short_description,long_description,data_col_13,contact_first_name,contact_last_name,designation,data_col_17,data_col_18,data_col_19,email_1,email_2,data_col_22,data_col_23,company_name,country,country_code,address_line_1,address_line_2,city,locality,full_name,state_id,state,city_id,pincode,website,country_dial_code,area_code,landline_1,data_col_41,mobile_1,mobile_2,phone_number,amount,data_col_47,data_col_48,amount_1,verification_method,trust_score,indiamart_url,data_col_56,data_col_57,phone_number_1,phone_number_2,data_col_64,phone_number_3,data_col_67,data_col_68,url,data_col_70,data_col_71,data_col_72,data_col_73,amount_2,data_col_75",64,C:\programs\700GB Cleaning Shi\Sample\Sorted\csv\schema\FILE_002379_932f50be_new.csv
FILE_002562_87175960_new.csv,"data_col_0,data_col_1,data_col_2,data_col_3,data_col_4,data_col_5,data_col_6,data_col_7,data_col_8,data_col_9,data_col_10,data_col_11,data_col_12,data_col_13,data_col_14,data_col_15,data_col_16,full_name,data_col_18,data_col_19,data_col_20,data_col_21,data_col_22,data_col_23,data_col_24,data_col_25,data_col_26,data_col_27",28,C:\programs\700GB Cleaning Shi\Sample\Sorted\csv\schema\FILE_002562_87175960_new.csv
FILE_002568_a8d93aec_new.csv,"data_col_0,data_col_1,data_col_2,data_col_3,data_col_4,data_col_5,data_col_6,data_col_7,pincode",9,C:\programs\700GB Cleaning Shi\Sample\Sorted\csv\schema\FILE_002568_a8d93aec_new.csv
FILE_002465_ec2b597f_new.csv,"id_internal,subscription_type,subscription_amount,extra_flag,company_id,verification_status,category_code,listing_type,slug,short_description,long_description,data_col_13,contact_first_name,contact_last_name,designation,data_col_17,data_col_18,data_col_19,email_1,email_2,data_col_22,data_col_23,company_name,country,country_code,address_line_1,address_line_2,city,locality,data_col_31,state_id,state,city_id,pincode,website,country_dial_code,area_code,landline_1,data_col_41,mobile_1,mobile_2,data_col_44,amount,data_col_47,data_col_48,amount_1,data_col_50,data_col_51,verification_method,trust_score,indiamart_url,data_col_56,data_col_57,phone_number,data_col_61,data_col_64,data_col_65,phone_number_1,data_col_67,data_col_68,data_col_69,data_col_70,data_col_71,data_col_72,data_col_73,amount_2,data_col_75",67,C:\programs\700GB Cleaning Shi\Sample\Sorted\csv\schema\FILE_002465_ec2b597f_new.csv
FILE_002403_7cd15405_new.csv,"id_internal,subscription_type,subscription_amount,extra_flag,company_id,verification_status,category_code,listing_type,slug,short_description,long_description,data_col_13,contact_first_name,contact_last_name,designation,data_col_17,data_col_18,data_col_19,email_1,email_2,data_col_22,data_col_23,company_name,country,country_code,address_line_1,address_line_2,city,locality,data_col_31,state_id,state,city_id,pincode,website,country_dial_code,area_code,landline_1,data_col_40,data_col_41,mobile_1,mobile_2,phone_number,amount,data_col_47,data_col_48,amount_1,data_col_50,data_col_51,verification_method,trust_score,indiamart_url,phone_number_1,data_col_57,phone_number_2,phone_number_3,data_col_64,data_col_65,phone_number_4,data_col_67,data_col_68,data_col_69,data_col_70,data_col_71,data_col_72,data_col_73,amount_2,data_col_75",68,C:\programs\700GB Cleaning Shi\Sample\Sorted\csv\schema\FILE_002403_7cd15405_new.csv
FILE_002500_e408e9cc_new.csv,"id_internal,subscription_type,subscription_amount,extra_flag,company_id,verification_status,category_code,listing_type,slug,short_description,long_description,data_col_13,contact_first_name,contact_last_name,designation,data_col_17,data_col_18,data_col_19,email_1,email_2,data_col_22,data_col_23,company_name,country,country_code,address_line_1,address_line_2,city,locality,data_col_31,state_id,state,city_id,pincode,website,country_dial_code,area_code,landline_1,data_col_40,data_col_41,mobile_1,mobile_2,phone_number,amount,data_col_46,data_col_47,data_col_48,amount_1,data_col_50,data_col_51,verification_method,trust_score,indiamart_url,phone_number_1,data_col_57,phone_number_2,phone_number_3,data_col_64,data_col_65,phone_number_4,data_col_67,data_col_68,url,data_col_70,data_col_71,data_col_72,data_col_73,amount_2,data_col_75",69,C:\programs\700GB Cleaning Shi\Sample\Sorted\csv\schema\FILE_002500_e408e9cc_new.csv
FILE_002550_cf3bd9a9_new.csv,"data_col_0,data_col_1,data_col_2,data_col_3,data_col_4,data_col_5,data_col_6,data_col_7,pincode",9,C:\programs\700GB Cleaning Shi\Sample\Sorted\csv\schema\FILE_002550_cf3bd9a9_new.csv
FILE_002565_3217ebc6_new.csv,"data_col_0,data_col_1,data_col_2,data_col_3,data_col_4,data_col_5,data_col_6,data_col_7,pincode",9,C:\programs\700GB Cleaning Shi\Sample\Sorted\csv\schema\FILE_002565_3217ebc6_new.csv
FILE_002566_f28693f8_new.csv,"data_col_0,data_col_1,data_col_2,pincode",4,C:\programs\700GB Cleaning Shi\Sample\Sorted\csv\schema\FILE_002566_f28693f8_new.csv
FILE_002569_b96f7b8d_new.csv,"data_col_0,data_col_1,data_col_2,data_col_3,data_col_4,data_col_5,data_col_6,data_col_7,pincode",9,C:\programs\700GB Cleaning Shi\Sample\Sorted\csv\schema\FILE_002569_b96f7b8d_new.csv
FILE_002575_20b7f8d3_new.csv,"data_col_26,pincode",2,C:\programs\700GB Cleaning Shi\Sample\Sorted\csv\schema\FILE_002575_20b7f8d3_new.csv
FILE_002527_3950a433_new.csv,"data_col_12,email,data_col_26,pincode",4,C:\programs\700GB Cleaning Shi\Sample\Sorted\csv\schema\FILE_002527_3950a433_new.csv
FILE_002549_265794d5_new.csv,"data_col_0,data_col_1,data_col_2,data_col_3,data_col_4,data_col_5,data_col_6,data_col_7,pincode",9,C:\programs\700GB Cleaning Shi\Sample\Sorted\csv\schema\FILE_002549_265794d5_new.csv
FILE_002585_d2e031e7_new.csv,"data_col_0,data_col_1,data_col_2,data_col_3,data_col_4,data_col_5,data_col_6,data_col_7,pincode",9,C:\programs\700GB Cleaning Shi\Sample\Sorted\csv\schema\FILE_002585_d2e031e7_new.csv
FILE_002508_25ef1142_new.csv,"id_internal,subscription_type,subscription_amount,extra_flag,company_id,verification_status,category_code,listing_type,slug,short_description,long_description,data_col_13,contact_first_name,contact_last_name,designation,data_col_17,data_col_18,data_col_19,email_1,email_2,data_col_22,data_col_23,company_name,country,country_code,address_line_1,address_line_2,city,locality,data_col_31,state_id,state,city_id,pincode,website,country_dial_code,area_code,landline_1,data_col_41,mobile_1,mobile_2,phone_number,amount,data_col_47,data_col_48,amount_1,data_col_50,data_col_51,verification_method,trust_score,indiamart_url,phone_number_1,data_col_57,phone_number_2,phone_number_3,data_col_64,data_col_65,phone_number_4,data_col_67,data_col_68,url,data_col_70,data_col_71,amount_2,data_col_73,amount_3,data_col_75",67,C:\programs\700GB Cleaning Shi\Sample\Sorted\csv\schema\FILE_002508_25ef1142_new.csv
FILE_002553_978fccab_new.csv,"email,city",2,C:\programs\700GB Cleaning Shi\Sample\Sorted\csv\schema\FILE_002553_978fccab_new.csv
FILE_002567_ea6a6149_new.csv,"data_col_0,data_col_1,data_col_2,data_col_3,data_col_4,data_col_5,data_col_6,data_col_7,pincode",9,C:\programs\700GB Cleaning Shi\Sample\Sorted\csv\schema\FILE_002567_ea6a6149_new.csv
FILE_002573_ee95938e_new.csv,"data_col_0,data_col_1,data_col_2,data_col_3,data_col_4,data_col_5,data_col_6,data_col_7,pincode",9,C:\programs\700GB Cleaning Shi\Sample\Sorted\csv\schema\FILE_002573_ee95938e_new.csv
FILE_002587_dd179252_new.csv,"data_col_12,data_col_21,data_col_24,city",4,C:\programs\700GB Cleaning Shi\Sample\Sorted\csv\schema\FILE_002587_dd179252_new.csv
FILE_002586_055302e6_new.csv,"data_col_12,email,data_col_21,data_col_24,city",5,C:\programs\700GB Cleaning Shi\Sample\Sorted\csv\schema\FILE_002586_055302e6_new.csv
FILE_002583_b08c45c4_new.csv,"data_col_0,data_col_1,data_col_2,data_col_3,data_col_4,data_col_5,data_col_6,data_col_7,pincode",9,C:\programs\700GB Cleaning Shi\Sample\Sorted\csv\schema\FILE_002583_b08c45c4_new.csv
FILE_002554_d71abbd0_new.csv,"email,full_name",2,C:\programs\700GB Cleaning Shi\Sample\Sorted\csv\schema\FILE_002554_d71abbd0_new.csv
FILE_002547_9ed2e7b6_new.csv,"email,city",2,C:\programs\700GB Cleaning Shi\Sample\Sorted\csv\schema\FILE_002547_9ed2e7b6_new.csv
FILE_002574_671e9b2e_new.csv,"data_col_0,data_col_1,data_col_2,data_col_3,data_col_4,data_col_5,data_col_6,data_col_7,pincode",9,C:\programs\700GB Cleaning Shi\Sample\Sorted\csv\schema\FILE_002574_671e9b2e_new.csv
FILE_002579_653f0eaa_new.csv,"email,city",2,C:\programs\700GB Cleaning Shi\Sample\Sorted\csv\schema\FILE_002579_653f0eaa_new.csv
FILE_002598_1f097dd3_new.csv,"Database Name,Number of Records,Details",3,C:\programs\700GB Cleaning Shi\Sample\Sorted\csv\schema\FILE_002598_1f097dd3_new.csv
FILE_002584_ca721bba_new.csv,"data_col_0,data_col_1,data_col_2,data_col_3,data_col_4,data_col_5,data_col_6,data_col_7,pincode",9,C:\programs\700GB Cleaning Shi\Sample\Sorted\csv\schema\FILE_002584_ca721bba_new.csv
FILE_002530_d0151e1a_new.csv,"SERVICE_START,TYPEOFCONN,CUSTOMER_SEGMENT,ACCTCATGY,SUB_ACCT_CATEGORY,REVRCVCOSTCTR,OWNGCOSTCTR,EQUIP_STATUS,BILL_PERIOD,CREDIT_RATING,C_CREDIT_THRESH_100,BILL_FNAME,BILL_LNAME,BILL_COMPANY,BILL_ADDRESS1,BILL_ADDRESS2,BILL_ADDRESS3,TELEPHONE_NO",18,C:\programs\700GB Cleaning Shi\Sample\Sorted\csv\schema\FILE_002530_d0151e1a_new.csv
FILE_002603_2827fcf6_new.csv,"filename,file_path,row_number,reason,""First Name"", ""Last Name"", ""Designation"", ""Secondary Contact Person First Name"", ""Contact Person First Name"", ""Contact Person Last Name"", ""Email 1"", ""Email 2"", ""Email 3"", ""Email 4"", ""Company Name"", ""Country"", ""Country Code"", ""Address"", ""Address Line 2"", ""City"", ""Locality"", ""Street"", ""Area Code"", ""State"", ""District Code"", ""Zip Code"", ""Website"", ""Country Phone Code"", ""City Phone Code"", ""Landline 1"", ""Landline 2"", ""Landline 3"", ""Landline 4"", ""Mobile 1"", ""Mobile 2""",35,C:\programs\700GB Cleaning Shi\Sample\Sorted\csv\schema\FILE_002603_2827fcf6_new.csv
FILE_002556_dd5040cb_new.csv,"full_name,phone_number",2,C:\programs\700GB Cleaning Shi\Sample\Sorted\csv\schema\FILE_002556_dd5040cb_new.csv
FILE_002618_c995c046_new.csv,"Contact_Person,Email_Address,Company_Name,Column_24,Column_26",5,C:\programs\700GB Cleaning Shi\Sample\Sorted\csv\schema\FILE_002618_c995c046_new.csv
FILE_002637_a6826cb8_new.csv,Email_Address,1,C:\programs\700GB Cleaning Shi\Sample\Sorted\csv\schema\FILE_002637_a6826cb8_new.csv
FILE_002634_6c9d37b7_new.csv,City,1,C:\programs\700GB Cleaning Shi\Sample\Sorted\csv\schema\FILE_002634_6c9d37b7_new.csv
FILE_003003_dfd2576a_new.csv,"Contact_Person,Phone_Number,Company_Name,Email_Address",4,C:\programs\700GB Cleaning Shi\Sample\Sorted\csv\schema\FILE_003003_dfd2576a_new.csv
FILE_002716_577dfa50_new.csv,"email_1,full_name,address_line_1,address_line_2,address_line_3,city_state,country_1,postal_code_1",8,C:\programs\700GB Cleaning Shi\Sample\Sorted\csv\schema\FILE_002716_577dfa50_new.csv
FILE_002978_68332765_new.csv,"Category,Pincode",2,C:\programs\700GB Cleaning Shi\Sample\Sorted\csv\schema\FILE_002978_68332765_new.csv
FILE_002684_4c4c6bb8_new.csv,Email_Address,1,C:\programs\700GB Cleaning Shi\Sample\Sorted\csv\schema\FILE_002684_4c4c6bb8_new.csv
FILE_002595_d9c38dc1_new.csv,"SRNO,TITLE,NAME,R_PHONE,MOBILE,COMPANY,OADD1,OADD2,OADD3,OCITY,OPIN,O_PHONE,EXTN_NO,OADD4,DESIG,OCCUPATION",16,C:\programs\700GB Cleaning Shi\Sample\Sorted\csv\schema\FILE_002595_d9c38dc1_new.csv
FILE_002743_22cfc3f0_new.csv,City,1,C:\programs\700GB Cleaning Shi\Sample\Sorted\csv\schema\FILE_002743_22cfc3f0_new.csv
FILE_002975_2ec5fbcb_new.csv,"Category,City",2,C:\programs\700GB Cleaning Shi\Sample\Sorted\csv\schema\FILE_002975_2ec5fbcb_new.csv
FILE_002836_98d3c4b9_new.csv,Pincode,1,C:\programs\700GB Cleaning Shi\Sample\Sorted\csv\schema\FILE_002836_98d3c4b9_new.csv
FILE_002951_2a0f8d9f_new.csv,"Name,ID_1,Phone,ID_2",4,C:\programs\700GB Cleaning Shi\Sample\Sorted\csv\schema\FILE_002951_2a0f8d9f_new.csv
FILE_002759_7809834e_new.csv,Email_Address,1,C:\programs\700GB Cleaning Shi\Sample\Sorted\csv\schema\FILE_002759_7809834e_new.csv
FILE_002982_adde280f_new.csv,"Name,Phone Number",2,C:\programs\700GB Cleaning Shi\Sample\Sorted\csv\schema\FILE_002982_adde280f_new.csv
FILE_003155_6a066781_new.csv,"Contact_Person,Email_Address,Company_Name,City",4,C:\programs\700GB Cleaning Shi\Sample\Sorted\csv\schema\FILE_003155_6a066781_new.csv
FILE_003185_7e4625d1_new.csv,"Email_Address,City",2,C:\programs\700GB Cleaning Shi\Sample\Sorted\csv\schema\FILE_003185_7e4625d1_new.csv
FILE_006757_ed09d0f7_new.csv,"data_col_24,city,pincode",3,C:\programs\700GB Cleaning Shi\Sample\Sorted\csv\schema\FILE_006757_ed09d0f7_new.csv
FILE_002834_1a990dc6_new.csv,Email_Address,1,C:\programs\700GB Cleaning Shi\Sample\Sorted\csv\schema\FILE_002834_1a990dc6_new.csv
test_duplicates.csv,"id,name,name_1,age,city,city_1,pincode,pincode_1",8,C:\programs\700GB Cleaning Shi\Sample\Sorted\csv\schema\test_duplicates.csv
FILE_004451_57e58734_new.csv,Email_Address,1,C:\programs\700GB Cleaning Shi\Sample\Sorted\csv\schema\FILE_004451_57e58734_new.csv
FILE_003190_1096a48f_new.csv,City,1,C:\programs\700GB Cleaning Shi\Sample\Sorted\csv\schema\FILE_003190_1096a48f_new.csv
FILE_004445_d60fa0ac_new.csv,Email_Address,1,C:\programs\700GB Cleaning Shi\Sample\Sorted\csv\schema\FILE_004445_d60fa0ac_new.csv
FILE_003169_4da3f11d_new.csv,Email_Address,1,C:\programs\700GB Cleaning Shi\Sample\Sorted\csv\schema\FILE_003169_4da3f11d_new.csv
FILE_017711_67402712_new.csv,"SRNO,TITLE,NAME,R_PHONE,MOBILE,COMPANY,OADD1,OADD2,OADD3,OCITY,OPIN,O_PHONE,EXTN_NO,OADD4,DESIG,OCCUPATION",16,C:\programs\700GB Cleaning Shi\Sample\Sorted\csv\schema\FILE_017711_67402712_new.csv
FILE_004449_e270510e_new.csv,Email_Address,1,C:\programs\700GB Cleaning Shi\Sample\Sorted\csv\schema\FILE_004449_e270510e_new.csv
FILE_016356_4e8404a2_new.csv,"SRNO,TITLE,NAME,R_PHONE,MOBILE,COMPANY,OADD1,OADD2,OADD3,OCITY,OPIN,O_PHONE,EXTN_NO,OADD4,DESIG,OCCUPATION",16,C:\programs\700GB Cleaning Shi\Sample\Sorted\csv\schema\FILE_016356_4e8404a2_new.csv
